{
    "avg_price": 60612.294416243654,
    "max_price": 70178.0,
    "min_price": 51056.0,
    "lastest_change": -0.8503397583003306
}