{
    "avg_price": 59494.41698841699,
    "max_price": 70178.0,
    "min_price": 51056.0,
    "lastest_change": 2.214739717257508
}