{
    "avg_price": 61150.07155963303,
    "max_price": 70178.0,
    "min_price": 51056.0,
    "lastest_change": 2.988298941080444
}