{
    "avg_price": 68669.43209876544,
    "max_price": 70178.0,
    "min_price": 67665.0,
    "lastest_change": 0.2997660259848769
}