{
    "avg_price": 61104.629562043796,
    "max_price": 70178.0,
    "min_price": 51056.0,
    "lastest_change": 3.0262833820338826
}