{
    "avg_price": 67715.73478260869,
    "max_price": 70178.0,
    "min_price": 64175.0,
    "lastest_change": 0.4349201627043204
}