{
    "avg_price": 67313.85606060606,
    "max_price": 70178.0,
    "min_price": 62874.0,
    "lastest_change": 0.1398690871791415
}