{
    "avg_price": 60413.89250814332,
    "max_price": 70178.0,
    "min_price": 51056.0,
    "lastest_change": -1.853048334997532
}