{
    "avg_price": 60383.82009724473,
    "max_price": 70178.0,
    "min_price": 51056.0,
    "lastest_change": -3.4791878435008936
}