{
    "avg_price": 67622.58847736625,
    "max_price": 70178.0,
    "min_price": 64175.0,
    "lastest_change": -1.9258726711235676
}