{
    "avg_price": 67818.9675925926,
    "max_price": 70178.0,
    "min_price": 64175.0,
    "lastest_change": 1.3719101866715913
}