{
    "avg_price": 62631.28695652174,
    "max_price": 70178.0,
    "min_price": 51401.0,
    "lastest_change": 0.565598372736229
}