{
    "avg_price": 68190.62983425414,
    "max_price": 70178.0,
    "min_price": 65419.0,
    "lastest_change": 1.0436739851219536
}