{
    "avg_price": 63054.70737327189,
    "max_price": 70178.0,
    "min_price": 51401.0,
    "lastest_change": -2.1685819005258797
}