{
    "avg_price": 68703.89655172414,
    "max_price": 70178.0,
    "min_price": 67665.0,
    "lastest_change": 0.5981558388656567
}