{
    "avg_price": 62676.22100656455,
    "max_price": 70178.0,
    "min_price": 51401.0,
    "lastest_change": 0.3374006642332315
}