{
    "avg_price": 68127.708994709,
    "max_price": 70178.0,
    "min_price": 65419.0,
    "lastest_change": 0.0080211681386712
}