{
    "avg_price": 60891.843971631206,
    "max_price": 70178.0,
    "min_price": 51056.0,
    "lastest_change": 0.7603788813565912
}