{
    "avg_price": 59755.42458100559,
    "max_price": 70178.0,
    "min_price": 51056.0,
    "lastest_change": -1.4465430867162854
}