{
    "avg_price": 59633.47425474255,
    "max_price": 70178.0,
    "min_price": 51056.0,
    "lastest_change": 1.2313426512835564
}