{
    "avg_price": 68752.08333333333,
    "max_price": 70178.0,
    "min_price": 67665.0,
    "lastest_change": -0.1336076836510811
}