{
    "avg_price": 60823.71052631579,
    "max_price": 70178.0,
    "min_price": 51056.0,
    "lastest_change": 1.652448794370976
}