{
    "avg_price": 68536.84210526316,
    "max_price": 68720.0,
    "min_price": 68339.0,
    "lastest_change": 2.132632892321129
}