{
    "avg_price": 60354.809677419355,
    "max_price": 70178.0,
    "min_price": 51056.0,
    "lastest_change": -2.8859088757671345
}