{
    "avg_price": 67601.22857142857,
    "max_price": 70178.0,
    "min_price": 64175.0,
    "lastest_change": -1.653197432035909
}