{
    "avg_price": 68432.16049382716,
    "max_price": 70178.0,
    "min_price": 66093.0,
    "lastest_change": -1.523536312082382
}