{
    "avg_price": 68164.83152173914,
    "max_price": 70178.0,
    "min_price": 65419.0,
    "lastest_change": 0.7243404946665638
}