{
    "avg_price": 64182.94414893617,
    "max_price": 70178.0,
    "min_price": 51401.0,
    "lastest_change": 3.3878943652870537
}