{
    "avg_price": 61165.91544117647,
    "max_price": 70178.0,
    "min_price": 51056.0,
    "lastest_change": -0.8947359706886686
}