{
    "avg_price": 67791.0090909091,
    "max_price": 70178.0,
    "min_price": 64175.0,
    "lastest_change": 3.3509097180407768
}