{
    "avg_price": 59704.69475138121,
    "max_price": 70178.0,
    "min_price": 51056.0,
    "lastest_change": -0.2322747069000057
}