{
    "avg_price": 59393.490797546016,
    "max_price": 70178.0,
    "min_price": 51056.0,
    "lastest_change": -1.2889657376073738
}