{
    "avg_price": 67894.93779904307,
    "max_price": 70178.0,
    "min_price": 64175.0,
    "lastest_change": -2.4642501533584804
}