{
    "avg_price": 63170.745327102806,
    "max_price": 70178.0,
    "min_price": 51401.0,
    "lastest_change": -2.7079620630493566
}