{
    "avg_price": 61694.85992217899,
    "max_price": 70178.0,
    "min_price": 51401.0,
    "lastest_change": -0.4645603353372004
}