{
    "avg_price": 67721.14410480349,
    "max_price": 70178.0,
    "min_price": 64175.0,
    "lastest_change": 0.4248665628429632
}