{
    "avg_price": 66980.55052264809,
    "max_price": 70178.0,
    "min_price": 62747.0,
    "lastest_change": -0.539109081437013
}