{
    "avg_price": 66711.15282392026,
    "max_price": 70178.0,
    "min_price": 57505.0,
    "lastest_change": -6.441805680573141
}