{
    "avg_price": 68742.95370370371,
    "max_price": 70178.0,
    "min_price": 67398.0,
    "lastest_change": -1.4839595366635157
}