{
    "avg_price": 59549.288918205806,
    "max_price": 70178.0,
    "min_price": 51056.0,
    "lastest_change": -0.2159000994107732
}