{
    "avg_price": 59814.28794326241,
    "max_price": 70178.0,
    "min_price": 51056.0,
    "lastest_change": -0.4293165155344854
}