{
    "avg_price": 62419.3164556962,
    "max_price": 70178.0,
    "min_price": 51401.0,
    "lastest_change": -1.686769415499218
}