{
    "avg_price": 60300.84504792332,
    "max_price": 70178.0,
    "min_price": 51056.0,
    "lastest_change": 1.5508992851475398
}