{
    "avg_price": 68519.84967320261,
    "max_price": 70178.0,
    "min_price": 66960.0,
    "lastest_change": 0.4868533032290006
}