{
    "avg_price": 67008.52982456141,
    "max_price": 70178.0,
    "min_price": 62747.0,
    "lastest_change": -0.3898101186018413
}