{
    "avg_price": 60154.682098765436,
    "max_price": 70178.0,
    "min_price": 51056.0,
    "lastest_change": 0.2201158596726875
}