{
    "avg_price": 67836.1308411215,
    "max_price": 70178.0,
    "min_price": 64175.0,
    "lastest_change": 1.2081416150980162
}