{
    "avg_price": 60967.69892473118,
    "max_price": 70178.0,
    "min_price": 51056.0,
    "lastest_change": 1.39248226331888
}