{
    "avg_price": 60256.612341772154,
    "max_price": 70178.0,
    "min_price": 51056.0,
    "lastest_change": 2.5292649826917364
}