{
    "avg_price": 68715.71186440678,
    "max_price": 70178.0,
    "min_price": 67665.0,
    "lastest_change": -0.1393767782591495
}