{
    "avg_price": 59818.951704545456,
    "max_price": 70178.0,
    "min_price": 51056.0,
    "lastest_change": -0.4297899207475389
}