{
    "avg_price": 60166.66718266254,
    "max_price": 70178.0,
    "min_price": 51056.0,
    "lastest_change": 0.3814448750685984
}