{
    "avg_price": 68760.10909090909,
    "max_price": 70178.0,
    "min_price": 67665.0,
    "lastest_change": 0.4562796904907396
}