{
    "avg_price": 59476.32697201018,
    "max_price": 70178.0,
    "min_price": 51056.0,
    "lastest_change": -1.1267283142194682
}