{
    "avg_price": 67377.81923076924,
    "max_price": 70178.0,
    "min_price": 62874.0,
    "lastest_change": -0.2265501705861488
}