{
    "avg_price": 61255.63079777366,
    "max_price": 70178.0,
    "min_price": 51056.0,
    "lastest_change": -2.878801211394673
}