{
    "avg_price": 68535.66887417219,
    "max_price": 70178.0,
    "min_price": 66960.0,
    "lastest_change": 0.585850995245062
}