{
    "avg_price": 65582.71903323263,
    "max_price": 70178.0,
    "min_price": 51401.0,
    "lastest_change": -0.2821777146942543
}