{
    "avg_price": 68752.0947368421,
    "max_price": 70178.0,
    "min_price": 67665.0,
    "lastest_change": 0.4881149827037076
}