{
    "avg_price": 60178.95341614907,
    "max_price": 70178.0,
    "min_price": 51056.0,
    "lastest_change": -0.2803557690880998
}