{
    "avg_price": 59658.24010914052,
    "max_price": 70178.0,
    "min_price": 51056.0,
    "lastest_change": 1.6334307136956057
}