{
    "avg_price": 67633.46694214876,
    "max_price": 70178.0,
    "min_price": 64175.0,
    "lastest_change": -1.7177870076906223
}