{
    "avg_price": 63406.68599033816,
    "max_price": 70178.0,
    "min_price": 51401.0,
    "lastest_change": -0.7608672399424676
}