{
    "avg_price": 64878.44886363636,
    "max_price": 70178.0,
    "min_price": 51401.0,
    "lastest_change": 1.9902468997049316
}