{
    "avg_price": 68100.45077720207,
    "max_price": 70178.0,
    "min_price": 65419.0,
    "lastest_change": 0.3802381567008682
}