{
    "avg_price": 59528.05766710354,
    "max_price": 70178.0,
    "min_price": 51056.0,
    "lastest_change": 0.3714958161521609
}