{
    "avg_price": 62337.668058455114,
    "max_price": 70178.0,
    "min_price": 51401.0,
    "lastest_change": -2.9550681746026237
}