{
    "avg_price": 68384.56363636363,
    "max_price": 70178.0,
    "min_price": 65419.0,
    "lastest_change": -2.36656460288101
}