{
    "avg_price": 67117.12274368231,
    "max_price": 70178.0,
    "min_price": 62747.0,
    "lastest_change": 0.3154037736572021
}