{
    "avg_price": 67796.69863013699,
    "max_price": 70178.0,
    "min_price": 64175.0,
    "lastest_change": 3.1232753811084084
}