{
    "avg_price": 64613.02216066482,
    "max_price": 70178.0,
    "min_price": 51401.0,
    "lastest_change": -1.965086663534032
}