{
    "avg_price": 67345.80534351146,
    "max_price": 70178.0,
    "min_price": 62874.0,
    "lastest_change": -0.2189619082506997
}