{
    "avg_price": 66106.77672955974,
    "max_price": 70178.0,
    "min_price": 53364.0,
    "lastest_change": -1.2647205906468733
}