{
    "avg_price": 60236.451968503934,
    "max_price": 70178.0,
    "min_price": 51056.0,
    "lastest_change": 1.382421607802969
}