{
    "avg_price": 60142.79384615384,
    "max_price": 70178.0,
    "min_price": 51056.0,
    "lastest_change": 0.4388936363889632
}