{
    "avg_price": 59506.91168831169,
    "max_price": 70178.0,
    "min_price": 51056.0,
    "lastest_change": 1.612836315721597
}