{
    "avg_price": 66953.66089965397,
    "max_price": 70178.0,
    "min_price": 62747.0,
    "lastest_change": -0.4179402603363355
}