{
    "avg_price": 62214.58436213992,
    "max_price": 70178.0,
    "min_price": 51401.0,
    "lastest_change": -2.5579463548698143
}