{
    "avg_price": 68588.66666666667,
    "max_price": 68939.0,
    "min_price": 68284.0,
    "lastest_change": 0.7655964195935496
}