{
    "avg_price": 65465.78143712575,
    "max_price": 70178.0,
    "min_price": 51401.0,
    "lastest_change": 0.4776753106950605
}