{
    "avg_price": 64643.183333333334,
    "max_price": 70178.0,
    "min_price": 51401.0,
    "lastest_change": -2.654497543590175
}