{
    "avg_price": 60131.14110429448,
    "max_price": 70178.0,
    "min_price": 51056.0,
    "lastest_change": 0.5749513025303856
}