{
    "avg_price": 69230.65625,
    "max_price": 70178.0,
    "min_price": 68284.0,
    "lastest_change": -0.5119323728955455
}