{
    "avg_price": 61400.84934086629,
    "max_price": 70178.0,
    "min_price": 51401.0,
    "lastest_change": 1.8755315414621732
}