{
    "avg_price": 61959.701402805615,
    "max_price": 70178.0,
    "min_price": 51401.0,
    "lastest_change": -0.0285689730174129
}