{
    "avg_price": 59524.589005235604,
    "max_price": 70178.0,
    "min_price": 51056.0,
    "lastest_change": 0.9224294434247052
}