{
    "avg_price": 68665.26760563381,
    "max_price": 70178.0,
    "min_price": 67665.0,
    "lastest_change": 0.5124193345754465
}