{
    "avg_price": 60880.086725663714,
    "max_price": 70178.0,
    "min_price": 51056.0,
    "lastest_change": 0.8132006094638289
}