{
    "avg_price": 60033.28443113773,
    "max_price": 70178.0,
    "min_price": 51056.0,
    "lastest_change": 0.2659031459659348
}