{
    "avg_price": 68732.81318681319,
    "max_price": 70178.0,
    "min_price": 67665.0,
    "lastest_change": 1.0126897717213983
}