{
    "avg_price": 59487.43405889885,
    "max_price": 70178.0,
    "min_price": 51056.0,
    "lastest_change": 1.1966221414547766
}