{
    "avg_price": 68987.21428571429,
    "max_price": 69492.0,
    "min_price": 68284.0,
    "lastest_change": 1.160997661171342
}