{
    "avg_price": 68683.69230769231,
    "max_price": 70178.0,
    "min_price": 67398.0,
    "lastest_change": -0.5896676117872769
}