{
    "avg_price": 59689.39614855571,
    "max_price": 70178.0,
    "min_price": 51056.0,
    "lastest_change": -0.054493123568209
}