{
    "avg_price": 60106.17682926829,
    "max_price": 70178.0,
    "min_price": 51056.0,
    "lastest_change": -0.5602921800500862
}