{
    "avg_price": 68948.38461538461,
    "max_price": 69457.0,
    "min_price": 68284.0,
    "lastest_change": 1.1751294004261654
}