{
    "avg_price": 63876.28791773779,
    "max_price": 70178.0,
    "min_price": 51401.0,
    "lastest_change": 1.0903676744154407
}