{
    "avg_price": 59987.13798219585,
    "max_price": 70178.0,
    "min_price": 51056.0,
    "lastest_change": -3.049441468265334
}