{
    "avg_price": 68070.67512690356,
    "max_price": 70178.0,
    "min_price": 65419.0,
    "lastest_change": 0.247376229861701
}