{
    "avg_price": 59470.14955640051,
    "max_price": 70178.0,
    "min_price": 51056.0,
    "lastest_change": -0.8349446591077385
}