{
    "avg_price": 60602.53040540541,
    "max_price": 70178.0,
    "min_price": 51056.0,
    "lastest_change": -0.8356107262968678
}