{
    "avg_price": 67612.56967213115,
    "max_price": 70178.0,
    "min_price": 64175.0,
    "lastest_change": -1.7170815453733022
}