{
    "avg_price": 59808.94900849858,
    "max_price": 70178.0,
    "min_price": 51056.0,
    "lastest_change": -0.980469312294013
}