{
    "avg_price": 60284.888535031845,
    "max_price": 70178.0,
    "min_price": 51056.0,
    "lastest_change": 1.5054106639711364
}