{
    "avg_price": 64551.305785123965,
    "max_price": 70178.0,
    "min_price": 51401.0,
    "lastest_change": -2.3250192015556754
}