{
    "avg_price": 68684.19047619047,
    "max_price": 70178.0,
    "min_price": 67665.0,
    "lastest_change": 0.8007171987074025
}