{
    "avg_price": 62134.308163265305,
    "max_price": 70178.0,
    "min_price": 51401.0,
    "lastest_change": -1.6605734264100855
}