{
    "avg_price": 63207.44600938967,
    "max_price": 70178.0,
    "min_price": 51401.0,
    "lastest_change": -1.4703656836654668
}