{
    "avg_price": 68750.6504854369,
    "max_price": 70178.0,
    "min_price": 67665.0,
    "lastest_change": -0.0092080453458485
}