{
    "avg_price": 64906.5754985755,
    "max_price": 70178.0,
    "min_price": 51401.0,
    "lastest_change": 2.530903602824089
}