{
    "avg_price": 59430.503731343284,
    "max_price": 70178.0,
    "min_price": 51056.0,
    "lastest_change": -1.4604155198133495
}