{
    "avg_price": 64993.05172413793,
    "max_price": 70178.0,
    "min_price": 51401.0,
    "lastest_change": 3.94242556075642
}