{
    "avg_price": 59906.97518248175,
    "max_price": 70178.0,
    "min_price": 51056.0,
    "lastest_change": 3.13081915345719
}