{
    "avg_price": 59643.29347826087,
    "max_price": 70178.0,
    "min_price": 51056.0,
    "lastest_change": 1.4851677518530515
}