{
    "avg_price": 68636.82142857143,
    "max_price": 70178.0,
    "min_price": 66960.0,
    "lastest_change": -1.215630867800425
}