{
    "avg_price": 68114.23036649215,
    "max_price": 70178.0,
    "min_price": 65419.0,
    "lastest_change": 0.2707404242850466
}