{
    "avg_price": 60530.55333333334,
    "max_price": 70178.0,
    "min_price": 51056.0,
    "lastest_change": 1.7988997684520596
}