{
    "avg_price": 66524.57980456026,
    "max_price": 70178.0,
    "min_price": 56261.0,
    "lastest_change": -2.574809431011289
}