{
    "avg_price": 66680.92715231788,
    "max_price": 70178.0,
    "min_price": 57505.0,
    "lastest_change": -5.677730316283633
}