{
    "avg_price": 59766.93977591037,
    "max_price": 70178.0,
    "min_price": 51056.0,
    "lastest_change": -1.1092186363495098
}