{
    "avg_price": 68240.64772727272,
    "max_price": 70178.0,
    "min_price": 65419.0,
    "lastest_change": 0.1167194171382863
}