{
    "avg_price": 68656.86842105263,
    "max_price": 70178.0,
    "min_price": 67665.0,
    "lastest_change": 0.6173253537418225
}