{
    "avg_price": 60433.23529411765,
    "max_price": 70178.0,
    "min_price": 51056.0,
    "lastest_change": -0.5017349534288335
}