{
    "avg_price": 68145.13368983957,
    "max_price": 70178.0,
    "min_price": 65419.0,
    "lastest_change": 0.8064453952022981
}