{
    "avg_price": 64428.76839237057,
    "max_price": 70178.0,
    "min_price": 51401.0,
    "lastest_change": 2.014114889109112
}