{
    "avg_price": 68207.41899441341,
    "max_price": 70178.0,
    "min_price": 65419.0,
    "lastest_change": 0.5902307177571539
}