{
    "avg_price": 68478.56962025317,
    "max_price": 70178.0,
    "min_price": 66960.0,
    "lastest_change": 0.023247722517865
}