{
    "avg_price": 69128.55555555556,
    "max_price": 69827.0,
    "min_price": 68284.0,
    "lastest_change": 1.1163880088373417
}