{
    "avg_price": 68740.35869565218,
    "max_price": 70178.0,
    "min_price": 67665.0,
    "lastest_change": -0.4245494644334747
}