{
    "avg_price": 67811.13824884793,
    "max_price": 70178.0,
    "min_price": 64175.0,
    "lastest_change": 1.6003168007837052
}