{
    "avg_price": 67515.78968253969,
    "max_price": 70178.0,
    "min_price": 63981.0,
    "lastest_change": -1.7474588050200053
}