{
    "avg_price": 63811.413265306124,
    "max_price": 70178.0,
    "min_price": 51401.0,
    "lastest_change": 0.5905054624845341
}