{
    "avg_price": 60229.872641509435,
    "max_price": 70178.0,
    "min_price": 51056.0,
    "lastest_change": 1.3491975548902782
}