{
    "avg_price": 68730.65454545454,
    "max_price": 70178.0,
    "min_price": 67398.0,
    "lastest_change": -1.1406539127799125
}