{
    "avg_price": 63018.022935779816,
    "max_price": 70178.0,
    "min_price": 51401.0,
    "lastest_change": 0.7941190488861183
}