{
    "avg_price": 59458.84382871536,
    "max_price": 70178.0,
    "min_price": 51056.0,
    "lastest_change": -0.4762274061523779
}