{
    "avg_price": 66941.67931034483,
    "max_price": 70178.0,
    "min_price": 62747.0,
    "lastest_change": 0.2479640860094023
}