{
    "avg_price": 68692.9037037037,
    "max_price": 70178.0,
    "min_price": 67337.0,
    "lastest_change": -3.059671391207765
}