{
    "avg_price": 61747.51467710372,
    "max_price": 70178.0,
    "min_price": 51401.0,
    "lastest_change": 0.7837603889591606
}