{
    "avg_price": 68688.74576271187,
    "max_price": 70178.0,
    "min_price": 67398.0,
    "lastest_change": 2.3899343036695626
}