{
    "avg_price": 68647.30215827338,
    "max_price": 70178.0,
    "min_price": 66960.0,
    "lastest_change": -1.5653221465031195
}