{
    "avg_price": 65822.56615384616,
    "max_price": 70178.0,
    "min_price": 51401.0,
    "lastest_change": -2.8140381234283955
}