{
    "avg_price": 66066.87460815047,
    "max_price": 70178.0,
    "min_price": 53364.0,
    "lastest_change": -0.3785861222083542
}