{
    "avg_price": 67727.21052631579,
    "max_price": 70178.0,
    "min_price": 64175.0,
    "lastest_change": 0.3124594491750626
}