{
    "avg_price": 61019.23104693141,
    "max_price": 70178.0,
    "min_price": 51056.0,
    "lastest_change": 4.337558836300075
}