{
    "avg_price": 67962.21463414634,
    "max_price": 70178.0,
    "min_price": 64175.0,
    "lastest_change": -3.6744525070394913
}