{
    "avg_price": 64311.954177897576,
    "max_price": 70178.0,
    "min_price": 51401.0,
    "lastest_change": 1.8537807136079996
}