{
    "avg_price": 61922.41516966068,
    "max_price": 70178.0,
    "min_price": 51401.0,
    "lastest_change": 0.790054594083845
}