{
    "avg_price": 62035.50303030303,
    "max_price": 70178.0,
    "min_price": 51401.0,
    "lastest_change": -3.9702862528334895
}