{
    "avg_price": 63225.230588235296,
    "max_price": 70178.0,
    "min_price": 51401.0,
    "lastest_change": -1.1752161197183384
}