{
    "avg_price": 68865.08333333333,
    "max_price": 70178.0,
    "min_price": 67665.0,
    "lastest_change": -1.0517946863346057
}