{
    "avg_price": 62248.20247933884,
    "max_price": 70178.0,
    "min_price": 51401.0,
    "lastest_change": -1.6887895468674166
}