{
    "avg_price": 61608.10982658959,
    "max_price": 70178.0,
    "min_price": 51401.0,
    "lastest_change": -1.72671111275008
}