{
    "avg_price": 65779.54907975461,
    "max_price": 70178.0,
    "min_price": 51401.0,
    "lastest_change": -4.585838513674157
}