{
    "avg_price": 64085.063157894736,
    "max_price": 70178.0,
    "min_price": 51401.0,
    "lastest_change": 0.4417265932823634
}