{
    "avg_price": 68444.66666666667,
    "max_price": 68629.0,
    "min_price": 68339.0,
    "lastest_change": 2.173563588116044
}