{
    "avg_price": 65118.54651162791,
    "max_price": 70178.0,
    "min_price": 51401.0,
    "lastest_change": 2.871419059693172
}