{
    "avg_price": 67568.62903225806,
    "max_price": 70178.0,
    "min_price": 64175.0,
    "lastest_change": -1.905593297734654
}