{
    "avg_price": 68667.91428571429,
    "max_price": 70178.0,
    "min_price": 67665.0,
    "lastest_change": 0.4856592119584951
}