{
    "avg_price": 68748.48214285714,
    "max_price": 70178.0,
    "min_price": 67665.0,
    "lastest_change": 0.4864037710446405
}