{
    "avg_price": 60243.31388012618,
    "max_price": 70178.0,
    "min_price": 51056.0,
    "lastest_change": 1.8508474121863008
}