{
    "avg_price": 59612.3001345895,
    "max_price": 70178.0,
    "min_price": 51056.0,
    "lastest_change": 1.2687346403282518
}