{
    "avg_price": 69232.69696969698,
    "max_price": 70178.0,
    "min_price": 68284.0,
    "lastest_change": -0.061547579349042
}