{
    "avg_price": 61625.96911196911,
    "max_price": 70178.0,
    "min_price": 51401.0,
    "lastest_change": -1.1385482148258952
}