{
    "avg_price": 65740.30581039755,
    "max_price": 70178.0,
    "min_price": 51401.0,
    "lastest_change": -1.9992456113139712
}