{
    "avg_price": 59864.38040345821,
    "max_price": 70178.0,
    "min_price": 51056.0,
    "lastest_change": 3.2295833624916352
}