{
    "avg_price": 59638.34192672998,
    "max_price": 70178.0,
    "min_price": 51056.0,
    "lastest_change": 1.3976716465801258
}