{
    "avg_price": 68120.97368421052,
    "max_price": 70178.0,
    "min_price": 65419.0,
    "lastest_change": 0.256653779222973
}