{
    "avg_price": 61764.825490196075,
    "max_price": 70178.0,
    "min_price": 51401.0,
    "lastest_change": 0.8896314215797073
}