{
    "avg_price": 60450.31475409836,
    "max_price": 70178.0,
    "min_price": 51056.0,
    "lastest_change": -0.5354294614040127
}