{
    "avg_price": 67216.9074074074,
    "max_price": 70178.0,
    "min_price": 62747.0,
    "lastest_change": -0.3063713368186453
}