{
    "avg_price": 68663.06944444444,
    "max_price": 70178.0,
    "min_price": 67665.0,
    "lastest_change": 0.7006614187329858
}