{
    "avg_price": 60903.976909413854,
    "max_price": 70178.0,
    "min_price": 51056.0,
    "lastest_change": 0.5975624069990937
}