{
    "avg_price": 68675.46341463414,
    "max_price": 70178.0,
    "min_price": 67665.0,
    "lastest_change": 1.0022179511841915
}