{
    "avg_price": 60210.319248826294,
    "max_price": 70178.0,
    "min_price": 51056.0,
    "lastest_change": 1.6117627467825513
}