{
    "avg_price": 60868.31802120141,
    "max_price": 70178.0,
    "min_price": 51056.0,
    "lastest_change": 0.6920025293448749
}