{
    "avg_price": 59947.30044182621,
    "max_price": 70178.0,
    "min_price": 51056.0,
    "lastest_change": -0.8525630398319529
}