{
    "avg_price": 63833.02046035806,
    "max_price": 70178.0,
    "min_price": 51401.0,
    "lastest_change": 0.1241124915524755
}