{
    "avg_price": 62434.993657505285,
    "max_price": 70178.0,
    "min_price": 51401.0,
    "lastest_change": -1.9620133667990785
}