{
    "avg_price": 67265.33333333333,
    "max_price": 70178.0,
    "min_price": 62874.0,
    "lastest_change": -0.3723148131185202
}