{
    "avg_price": 68312.33333333333,
    "max_price": 68340.0,
    "min_price": 68284.0,
    "lastest_change": 2.121419000741922
}