{
    "avg_price": 61201.71402214022,
    "max_price": 70178.0,
    "min_price": 51056.0,
    "lastest_change": -0.3455031356792151
}