{
    "avg_price": 64339.33783783784,
    "max_price": 70178.0,
    "min_price": 51401.0,
    "lastest_change": -0.0817909667288181
}