{
    "avg_price": 65661.38905775076,
    "max_price": 70178.0,
    "min_price": 51401.0,
    "lastest_change": -0.7651787308309835
}