{
    "avg_price": 60523.37437603993,
    "max_price": 70178.0,
    "min_price": 51056.0,
    "lastest_change": 1.2816798338709154
}