{
    "avg_price": 62114.841140529534,
    "max_price": 70178.0,
    "min_price": 51401.0,
    "lastest_change": -1.994293596196612
}