{
    "avg_price": 67158.13868613138,
    "max_price": 70178.0,
    "min_price": 62747.0,
    "lastest_change": -0.0172857556425122
}