{
    "avg_price": 68747.75247524753,
    "max_price": 70178.0,
    "min_price": 67665.0,
    "lastest_change": -1.1951602634488012
}