{
    "avg_price": 69255.14814814815,
    "max_price": 70178.0,
    "min_price": 68284.0,
    "lastest_change": -0.604496448579471
}