{
    "avg_price": 68672.08695652174,
    "max_price": 70178.0,
    "min_price": 67665.0,
    "lastest_change": 0.6323475630608999
}