{
    "avg_price": 66838.9527027027,
    "max_price": 70178.0,
    "min_price": 61088.0,
    "lastest_change": -2.8201340535600643
}