{
    "avg_price": 59404.70812807882,
    "max_price": 70178.0,
    "min_price": 51056.0,
    "lastest_change": -0.941534985876732
}