{
    "avg_price": 61978.558232931726,
    "max_price": 70178.0,
    "min_price": 51401.0,
    "lastest_change": 0.1490352905776706
}