{
    "avg_price": 61535.95984703633,
    "max_price": 70178.0,
    "min_price": 51401.0,
    "lastest_change": -1.584843430143768
}