{
    "avg_price": 63790.346055979644,
    "max_price": 70178.0,
    "min_price": 51401.0,
    "lastest_change": 1.011649501419591
}