{
    "avg_price": 59668.51162790698,
    "max_price": 70178.0,
    "min_price": 51056.0,
    "lastest_change": 1.8444684521373595
}