{
    "avg_price": 67130.82971014493,
    "max_price": 70178.0,
    "min_price": 62747.0,
    "lastest_change": 0.5936668994551909
}