{
    "avg_price": 61799.49803149606,
    "max_price": 70178.0,
    "min_price": 51401.0,
    "lastest_change": 0.7336709638783661
}