{
    "avg_price": 69007.66666666667,
    "max_price": 70178.0,
    "min_price": 67830.0,
    "lastest_change": -1.4365880855333433
}