{
    "avg_price": 69251.96551724138,
    "max_price": 70178.0,
    "min_price": 68284.0,
    "lastest_change": -0.755029326390061
}