{
    "avg_price": 64109.53298153034,
    "max_price": 70178.0,
    "min_price": 51401.0,
    "lastest_change": 1.014881369949215
}