{
    "avg_price": 60928.802139037434,
    "max_price": 70178.0,
    "min_price": 51056.0,
    "lastest_change": 0.458512330756793
}