{
    "avg_price": 66928.5910652921,
    "max_price": 70178.0,
    "min_price": 62747.0,
    "lastest_change": -0.4811657577244952
}