{
    "avg_price": 63565.180693069306,
    "max_price": 70178.0,
    "min_price": 51401.0,
    "lastest_change": 0.1597738723440838
}