{
    "avg_price": 59596.14323962517,
    "max_price": 70178.0,
    "min_price": 51056.0,
    "lastest_change": 1.1028499347678935
}