{
    "avg_price": 60498.312913907284,
    "max_price": 70178.0,
    "min_price": 51056.0,
    "lastest_change": 0.08297043545787
}