{
    "avg_price": 59448.18671679198,
    "max_price": 70178.0,
    "min_price": 51056.0,
    "lastest_change": -1.5115022282729542
}