{
    "avg_price": 66795.45637583893,
    "max_price": 70178.0,
    "min_price": 59848.0,
    "lastest_change": -4.059672693386742
}