{
    "avg_price": 63627.45137157107,
    "max_price": 70178.0,
    "min_price": 51401.0,
    "lastest_change": 0.2091862408090809
}