{
    "avg_price": 59499.44056847545,
    "max_price": 70178.0,
    "min_price": 51056.0,
    "lastest_change": 3.890213334217728
}