{
    "avg_price": 67704.7672413793,
    "max_price": 70178.0,
    "min_price": 64175.0,
    "lastest_change": 1.3007908704358018
}