{
    "avg_price": 68618.00704225352,
    "max_price": 70178.0,
    "min_price": 66960.0,
    "lastest_change": -1.4354912760492684
}