{
    "avg_price": 59859.758273381296,
    "max_price": 70178.0,
    "min_price": 51056.0,
    "lastest_change": 2.973782684240693
}