{
    "avg_price": 61417.14339622641,
    "max_price": 70178.0,
    "min_price": 51401.0,
    "lastest_change": 1.543574249745703
}