{
    "avg_price": 59422.78934324659,
    "max_price": 70178.0,
    "min_price": 51056.0,
    "lastest_change": -0.6083588712953542
}