{
    "avg_price": 62301.079002079,
    "max_price": 70178.0,
    "min_price": 51401.0,
    "lastest_change": -2.293293696251823
}