{
    "avg_price": 61331.14953271028,
    "max_price": 70178.0,
    "min_price": 51401.0,
    "lastest_change": -2.545839396644992
}