{
    "avg_price": 62590.520518358535,
    "max_price": 70178.0,
    "min_price": 51401.0,
    "lastest_change": 0.9450573516239916
}