{
    "avg_price": 60068.96374622356,
    "max_price": 70178.0,
    "min_price": 51056.0,
    "lastest_change": -0.1079304306644565
}