{
    "avg_price": 68722.61261261262,
    "max_price": 70178.0,
    "min_price": 67398.0,
    "lastest_change": -1.0826549457831671
}