{
    "avg_price": 69124.57894736843,
    "max_price": 69827.0,
    "min_price": 68284.0,
    "lastest_change": 1.143008533939469
}