{
    "avg_price": 59901.88483965015,
    "max_price": 70178.0,
    "min_price": 51056.0,
    "lastest_change": 3.3224947755545418
}