{
    "avg_price": 60515.86710963455,
    "max_price": 70178.0,
    "min_price": 51056.0,
    "lastest_change": 0.7015752656197048
}