{
    "avg_price": 68182.23626373627,
    "max_price": 70178.0,
    "min_price": 65419.0,
    "lastest_change": 0.8598427022741748
}