{
    "avg_price": 66857.46440677966,
    "max_price": 70178.0,
    "min_price": 61088.0,
    "lastest_change": -3.474793624010484
}