{
    "avg_price": 67775.1981981982,
    "max_price": 70178.0,
    "min_price": 64175.0,
    "lastest_change": 1.100145321158003
}