{
    "avg_price": 67661.99163179916,
    "max_price": 70178.0,
    "min_price": 64175.0,
    "lastest_change": -0.6740833124773491
}