{
    "avg_price": 63308.083333333336,
    "max_price": 70178.0,
    "min_price": 51401.0,
    "lastest_change": -2.709646606079189
}