{
    "avg_price": 68174.14754098361,
    "max_price": 70178.0,
    "min_price": 65419.0,
    "lastest_change": 0.7077340172127474
}