{
    "avg_price": 63512.995085995084,
    "max_price": 70178.0,
    "min_price": 51401.0,
    "lastest_change": 1.6279544756980018
}