{
    "avg_price": 66219.55555555556,
    "max_price": 70178.0,
    "min_price": 53364.0,
    "lastest_change": -3.398040972856254
}