{
    "avg_price": 64849.96600566572,
    "max_price": 70178.0,
    "min_price": 51401.0,
    "lastest_change": 2.209997743460487
}