{
    "avg_price": 60565.963087248325,
    "max_price": 70178.0,
    "min_price": 51056.0,
    "lastest_change": 0.1265792223461783
}