{
    "avg_price": 68663.32911392405,
    "max_price": 70178.0,
    "min_price": 67665.0,
    "lastest_change": 0.3092899801757908
}