{
    "avg_price": 62388.56722689076,
    "max_price": 70178.0,
    "min_price": 51401.0,
    "lastest_change": 0.0217332746631678
}