{
    "avg_price": 61554.28927203065,
    "max_price": 70178.0,
    "min_price": 51401.0,
    "lastest_change": -1.0928391418906596
}