{
    "avg_price": 67201.38745387454,
    "max_price": 70178.0,
    "min_price": 62747.0,
    "lastest_change": 0.093654653094885
}