{
    "avg_price": 64764.52808988764,
    "max_price": 70178.0,
    "min_price": 51401.0,
    "lastest_change": -0.2958220546133798
}