{
    "avg_price": 59454.06030150754,
    "max_price": 70178.0,
    "min_price": 51056.0,
    "lastest_change": -0.5883484207599343
}