{
    "avg_price": 63112.821345707656,
    "max_price": 70178.0,
    "min_price": 51401.0,
    "lastest_change": -2.143643535630355
}