{
    "avg_price": 64285.61559139785,
    "max_price": 70178.0,
    "min_price": 51401.0,
    "lastest_change": 2.9360789251074944
}