{
    "avg_price": 66409.65483870968,
    "max_price": 70178.0,
    "min_price": 53364.0,
    "lastest_change": -4.636422096911173
}