{
    "avg_price": 67910.03846153847,
    "max_price": 70178.0,
    "min_price": 64175.0,
    "lastest_change": -3.644761861040692
}