{
    "avg_price": 68679.84848484848,
    "max_price": 70178.0,
    "min_price": 67665.0,
    "lastest_change": 0.833671249739941
}