{
    "avg_price": 59504.460440985735,
    "max_price": 70178.0,
    "min_price": 51056.0,
    "lastest_change": 3.081081927923406
}