{
    "avg_price": 62963.084282460135,
    "max_price": 70178.0,
    "min_price": 51401.0,
    "lastest_change": 0.5379611791348641
}