{
    "avg_price": 59427.955279503105,
    "max_price": 70178.0,
    "min_price": 51056.0,
    "lastest_change": -0.0959790194946672
}