{
    "avg_price": 61433.28166351607,
    "max_price": 70178.0,
    "min_price": 51401.0,
    "lastest_change": 1.2319522874914324
}