{
    "avg_price": 67362.32183908045,
    "max_price": 70178.0,
    "min_price": 62874.0,
    "lastest_change": 0.5487114283346367
}