{
    "avg_price": 66183.50949367089,
    "max_price": 70178.0,
    "min_price": 53364.0,
    "lastest_change": -0.8615114283558708
}