{
    "avg_price": 67688.88085106383,
    "max_price": 70178.0,
    "min_price": 64175.0,
    "lastest_change": 0.8640543661927416
}