{
    "avg_price": 63854.92307692308,
    "max_price": 70178.0,
    "min_price": 51401.0,
    "lastest_change": 0.0649859683180885
}