{
    "avg_price": 60632.217317487266,
    "max_price": 70178.0,
    "min_price": 51056.0,
    "lastest_change": 0.0672590325348046
}