{
    "avg_price": 68697.14754098361,
    "max_price": 70178.0,
    "min_price": 67665.0,
    "lastest_change": 0.6753651272246101
}