{
    "avg_price": 59694.596418732785,
    "max_price": 70178.0,
    "min_price": 51056.0,
    "lastest_change": 0.050875813123244
}