{
    "avg_price": 65022.31700288184,
    "max_price": 70178.0,
    "min_price": 51401.0,
    "lastest_change": 4.621395155922402
}