{
    "avg_price": 67927.25603864735,
    "max_price": 70178.0,
    "min_price": 64175.0,
    "lastest_change": -3.215129514627255
}