{
    "avg_price": 68737.22018348624,
    "max_price": 70178.0,
    "min_price": 67398.0,
    "lastest_change": -0.6895362811825645
}