{
    "avg_price": 60216.71630094044,
    "max_price": 70178.0,
    "min_price": 51056.0,
    "lastest_change": 1.4087535226218617
}