{
    "avg_price": 60661.93686006826,
    "max_price": 70178.0,
    "min_price": 51056.0,
    "lastest_change": 0.3902837672456891
}