{
    "avg_price": 68553.0067114094,
    "max_price": 70178.0,
    "min_price": 66960.0,
    "lastest_change": -1.1167019810111505
}