{
    "avg_price": 68527.96710526316,
    "max_price": 70178.0,
    "min_price": 66960.0,
    "lastest_change": 0.2590825426531707
}