{
    "avg_price": 60701.441580756014,
    "max_price": 70178.0,
    "min_price": 51056.0,
    "lastest_change": 0.9202617510926606
}