{
    "avg_price": 67186.48529411765,
    "max_price": 70178.0,
    "min_price": 62747.0,
    "lastest_change": 0.7668014324364462
}