{
    "avg_price": 68905.67391304347,
    "max_price": 70178.0,
    "min_price": 67665.0,
    "lastest_change": -1.1665316912877417
}