{
    "avg_price": 60223.1240188383,
    "max_price": 70178.0,
    "min_price": 51056.0,
    "lastest_change": 1.0439834795675058
}