{
    "avg_price": 67827.26046511628,
    "max_price": 70178.0,
    "min_price": 64175.0,
    "lastest_change": 1.0997758232142645
}