{
    "avg_price": 63547.26666666667,
    "max_price": 70178.0,
    "min_price": 51401.0,
    "lastest_change": 1.035598764862363
}