{
    "avg_price": 67298.07169811321,
    "max_price": 70178.0,
    "min_price": 62874.0,
    "lastest_change": -0.0023583613419188
}