{
    "avg_price": 62645.19607843137,
    "max_price": 70178.0,
    "min_price": 51401.0,
    "lastest_change": -0.7529902288345495
}