{
    "avg_price": 62576.7349137931,
    "max_price": 70178.0,
    "min_price": 51401.0,
    "lastest_change": 1.1043720455449428
}