{
    "avg_price": 67759.01785714286,
    "max_price": 70178.0,
    "min_price": 64175.0,
    "lastest_change": 1.6035575247950506
}