{
    "avg_price": 59502.50388601036,
    "max_price": 70178.0,
    "min_price": 51056.0,
    "lastest_change": 3.3209390650807302
}