{
    "avg_price": 65251.82647058823,
    "max_price": 70178.0,
    "min_price": 51401.0,
    "lastest_change": 3.093789111984256
}