{
    "avg_price": 62829.34004474273,
    "max_price": 70178.0,
    "min_price": 51401.0,
    "lastest_change": 1.452777218977258
}