{
    "avg_price": 69039.86666666667,
    "max_price": 69777.0,
    "min_price": 68284.0,
    "lastest_change": 1.950191408733981
}