{
    "avg_price": 63769.95431472081,
    "max_price": 70178.0,
    "min_price": 51401.0,
    "lastest_change": 1.7010402347427307
}