{
    "avg_price": 60749.253032928944,
    "max_price": 70178.0,
    "min_price": 51056.0,
    "lastest_change": 0.8478556204038128
}