{
    "avg_price": 66590.24590163934,
    "max_price": 70178.0,
    "min_price": 57205.0,
    "lastest_change": -3.3615958571008804
}