{
    "avg_price": 59684.13598901099,
    "max_price": 70178.0,
    "min_price": 51056.0,
    "lastest_change": 0.2600732222725572
}