{
    "avg_price": 61868.65277777778,
    "max_price": 70178.0,
    "min_price": 51401.0,
    "lastest_change": 1.701994056712551
}