{
    "avg_price": 60074.94856278366,
    "max_price": 70178.0,
    "min_price": 51056.0,
    "lastest_change": -0.4771015205863387
}