{
    "avg_price": 67676.78481012658,
    "max_price": 70178.0,
    "min_price": 64175.0,
    "lastest_change": 0.1152247489039335
}