{
    "avg_price": 59748.61366806136,
    "max_price": 70178.0,
    "min_price": 51056.0,
    "lastest_change": -2.9918510915237
}