{
    "avg_price": 64061.55905511811,
    "max_price": 70178.0,
    "min_price": 51401.0,
    "lastest_change": 1.4247405293384146
}