{
    "avg_price": 59797.96892655367,
    "max_price": 70178.0,
    "min_price": 51056.0,
    "lastest_change": -2.1972791582699207
}