{
    "avg_price": 61184.125230202575,
    "max_price": 70178.0,
    "min_price": 51056.0,
    "lastest_change": -0.6604554248611404
}