{
    "avg_price": 59540.92236842105,
    "max_price": 70178.0,
    "min_price": 51056.0,
    "lastest_change": -0.5103832326345838
}