{
    "avg_price": 68681.15384615384,
    "max_price": 70178.0,
    "min_price": 67665.0,
    "lastest_change": 0.979125300700121
}