{
    "avg_price": 68673.14285714286,
    "max_price": 69182.0,
    "min_price": 68284.0,
    "lastest_change": 1.1805704149487788
}