{
    "avg_price": 60651.86541737649,
    "max_price": 70178.0,
    "min_price": 51056.0,
    "lastest_change": 0.293726918310882
}