{
    "avg_price": 68725.03076923077,
    "max_price": 70178.0,
    "min_price": 67398.0,
    "lastest_change": -2.243853668072698
}