{
    "avg_price": 59465.89254108723,
    "max_price": 70178.0,
    "min_price": 51056.0,
    "lastest_change": -0.4778327891667168
}