{
    "avg_price": 68771.27777777778,
    "max_price": 70178.0,
    "min_price": 67665.0,
    "lastest_change": -0.2312697770676865
}