{
    "avg_price": 59463.882575757576,
    "max_price": 70178.0,
    "min_price": 51056.0,
    "lastest_change": -0.8255706193962351
}