{
    "avg_price": 69132.43243243243,
    "max_price": 70178.0,
    "min_price": 67830.0,
    "lastest_change": -2.109461264844719
}