{
    "avg_price": 61218.82624768947,
    "max_price": 70178.0,
    "min_price": 51056.0,
    "lastest_change": -2.4947269320500074
}