{
    "avg_price": 67699.8712446352,
    "max_price": 70178.0,
    "min_price": 64175.0,
    "lastest_change": 0.8415561331525094
}