{
    "avg_price": 69251.86666666667,
    "max_price": 70178.0,
    "min_price": 68284.0,
    "lastest_change": 0.2968630582741622
}