{
    "avg_price": 63422.15012106537,
    "max_price": 70178.0,
    "min_price": 51401.0,
    "lastest_change": 1.426122671764906
}