{
    "avg_price": 66649.65346534654,
    "max_price": 70178.0,
    "min_price": 57205.0,
    "lastest_change": -6.114473810326833
}