{
    "avg_price": 60136.978494623654,
    "max_price": 70178.0,
    "min_price": 51056.0,
    "lastest_change": 0.8289463310227076
}