{
    "avg_price": 68777.77777777778,
    "max_price": 69188.0,
    "min_price": 68284.0,
    "lastest_change": 1.5753310978253232
}