{
    "avg_price": 68288.8953488372,
    "max_price": 70178.0,
    "min_price": 65419.0,
    "lastest_change": 0.1033289980951416
}