{
    "avg_price": 59481.044642857145,
    "max_price": 70178.0,
    "min_price": 51056.0,
    "lastest_change": -0.0704405665038519
}