{
    "avg_price": 67682.59745762713,
    "max_price": 70178.0,
    "min_price": 64175.0,
    "lastest_change": 0.5668249435323541
}