{
    "avg_price": 62616.75488069414,
    "max_price": 70178.0,
    "min_price": 51401.0,
    "lastest_change": 0.4624140489651603
}