{
    "avg_price": 68744.46031746031,
    "max_price": 70178.0,
    "min_price": 67398.0,
    "lastest_change": 1.3940684800800611
}