{
    "avg_price": 68713.90909090909,
    "max_price": 70178.0,
    "min_price": 67398.0,
    "lastest_change": -2.4333304300364045
}