{
    "avg_price": 63749.47848101266,
    "max_price": 70178.0,
    "min_price": 51401.0,
    "lastest_change": 1.6011783157212622
}