{
    "avg_price": 60093.349544072946,
    "max_price": 70178.0,
    "min_price": 51056.0,
    "lastest_change": -0.4268488919202384
}