{
    "avg_price": 60720.36034482758,
    "max_price": 70178.0,
    "min_price": 51056.0,
    "lastest_change": 1.7915790946732637
}