{
    "avg_price": 67172.27838827838,
    "max_price": 70178.0,
    "min_price": 62747.0,
    "lastest_change": 0.4293598870151255
}