{
    "avg_price": 63325.91169451074,
    "max_price": 70178.0,
    "min_price": 51401.0,
    "lastest_change": -1.4115517921842171
}