{
    "avg_price": 67867.27962085308,
    "max_price": 70178.0,
    "min_price": 64175.0,
    "lastest_change": -1.8561797041628847
}