{
    "avg_price": 69118.5294117647,
    "max_price": 69827.0,
    "min_price": 68284.0,
    "lastest_change": 1.4548171747872198
}