{
    "avg_price": 61134.73992673992,
    "max_price": 70178.0,
    "min_price": 51056.0,
    "lastest_change": 3.3308595940812675
}