{
    "avg_price": 61119.65996343693,
    "max_price": 70178.0,
    "min_price": 51056.0,
    "lastest_change": 3.2047662834172064
}