{
    "avg_price": 59490.97946084724,
    "max_price": 70178.0,
    "min_price": 51056.0,
    "lastest_change": 1.7359290753369097
}