{
    "avg_price": 59777.58426966292,
    "max_price": 70178.0,
    "min_price": 51056.0,
    "lastest_change": -0.929264321650076
}