{
    "avg_price": 60018.57462686567,
    "max_price": 70178.0,
    "min_price": 51056.0,
    "lastest_change": -1.3403421316150002
}