{
    "avg_price": 61006.2954954955,
    "max_price": 70178.0,
    "min_price": 51056.0,
    "lastest_change": 1.8512173380386856
}