{
    "avg_price": 61032.18444846293,
    "max_price": 70178.0,
    "min_price": 51056.0,
    "lastest_change": 4.34202251833892
}