{
    "avg_price": 68467.16666666667,
    "max_price": 68629.0,
    "min_price": 68357.0,
    "lastest_change": 1.8697706683033704
}