{
    "avg_price": 68750.41836734694,
    "max_price": 70178.0,
    "min_price": 67665.0,
    "lastest_change": -0.3052649586178081
}