{
    "avg_price": 62372.95807127882,
    "max_price": 70178.0,
    "min_price": 51401.0,
    "lastest_change": 0.5225532938998729
}