{
    "avg_price": 61465.77609108159,
    "max_price": 70178.0,
    "min_price": 51401.0,
    "lastest_change": -1.101643673337773
}