{
    "avg_price": 68740.29921259843,
    "max_price": 70178.0,
    "min_price": 67398.0,
    "lastest_change": -1.68673798588793
}