{
    "avg_price": 59918.09370424598,
    "max_price": 70178.0,
    "min_price": 51056.0,
    "lastest_change": 0.1077193071226257
}