{
    "avg_price": 59896.997088791846,
    "max_price": 70178.0,
    "min_price": 51056.0,
    "lastest_change": 3.983815295395251
}