{
    "avg_price": 63497.21323529412,
    "max_price": 70178.0,
    "min_price": 51401.0,
    "lastest_change": 2.469043645773358
}