{
    "avg_price": 61074.67636363636,
    "max_price": 70178.0,
    "min_price": 51056.0,
    "lastest_change": 2.5852689094598404
}