{
    "avg_price": 63036.47356321839,
    "max_price": 70178.0,
    "min_price": 51401.0,
    "lastest_change": 0.911566524970546
}