{
    "avg_price": 59600.22922252011,
    "max_price": 70178.0,
    "min_price": 51056.0,
    "lastest_change": 1.2780798304821004
}