{
    "avg_price": 59678.83813443073,
    "max_price": 70178.0,
    "min_price": 51056.0,
    "lastest_change": 0.1218822863642532
}