{
    "avg_price": 67843.81220657277,
    "max_price": 70178.0,
    "min_price": 64175.0,
    "lastest_change": 0.0071872531420091
}