{
    "avg_price": 67581.25910931174,
    "max_price": 70178.0,
    "min_price": 64175.0,
    "lastest_change": -1.5191801340644284
}