{
    "avg_price": 60394.05357142857,
    "max_price": 70178.0,
    "min_price": 51056.0,
    "lastest_change": -2.06726212176964
}