{
    "avg_price": 59803.53041018388,
    "max_price": 70178.0,
    "min_price": 51056.0,
    "lastest_change": -1.1013338901575065
}