{
    "avg_price": 68659.47101449275,
    "max_price": 70178.0,
    "min_price": 66960.0,
    "lastest_change": -3.120363947762742
}