{
    "avg_price": 64259.37265415549,
    "max_price": 70178.0,
    "min_price": 51401.0,
    "lastest_change": 2.3876390774820764
}