{
    "avg_price": 68264.28735632185,
    "max_price": 70178.0,
    "min_price": 65419.0,
    "lastest_change": 0.7437979495213417
}