{
    "avg_price": 63259.49645390071,
    "max_price": 70178.0,
    "min_price": 51401.0,
    "lastest_change": -1.2761399168915544
}