{
    "avg_price": 68699.57983193277,
    "max_price": 70178.0,
    "min_price": 67398.0,
    "lastest_change": 3.073234352409689
}