{
    "avg_price": 67076.62142857142,
    "max_price": 70178.0,
    "min_price": 62747.0,
    "lastest_change": 0.857027044449334
}