{
    "avg_price": 62153.40899795501,
    "max_price": 70178.0,
    "min_price": 51401.0,
    "lastest_change": -1.707167841454716
}