{
    "avg_price": 61904.1374501992,
    "max_price": 70178.0,
    "min_price": 51401.0,
    "lastest_change": 0.1536644150371129
}