{
    "avg_price": 67395.10424710425,
    "max_price": 70178.0,
    "min_price": 62874.0,
    "lastest_change": -1.114503178441901
}