{
    "avg_price": 68726.75862068965,
    "max_price": 70178.0,
    "min_price": 67665.0,
    "lastest_change": 0.2928932257574971
}