{
    "avg_price": 60791.84467713787,
    "max_price": 70178.0,
    "min_price": 51056.0,
    "lastest_change": 1.479723160125365
}