{
    "avg_price": 62660.7096069869,
    "max_price": 70178.0,
    "min_price": 51401.0,
    "lastest_change": -0.2809755688217205
}