{
    "avg_price": 60099.716894977166,
    "max_price": 70178.0,
    "min_price": 51056.0,
    "lastest_change": -0.6581998710489939
}