{
    "avg_price": 61384.15413533834,
    "max_price": 70178.0,
    "min_price": 51401.0,
    "lastest_change": 0.9873346045962886
}