{
    "avg_price": 59412.11851851852,
    "max_price": 70178.0,
    "min_price": 51056.0,
    "lastest_change": -1.3207209732285876
}