{
    "avg_price": 68543.51333333334,
    "max_price": 70178.0,
    "min_price": 66960.0,
    "lastest_change": -0.4072639466003626
}