{
    "avg_price": 62356.57112970711,
    "max_price": 70178.0,
    "min_price": 51401.0,
    "lastest_change": -0.1473887401719561
}