{
    "avg_price": 59663.36338797814,
    "max_price": 70178.0,
    "min_price": 51056.0,
    "lastest_change": 1.82403766389436
}