{
    "avg_price": 67995.45812807881,
    "max_price": 70178.0,
    "min_price": 64940.0,
    "lastest_change": -2.552311737649738
}