{
    "avg_price": 64582.15193370166,
    "max_price": 70178.0,
    "min_price": 51401.0,
    "lastest_change": -2.8810645740547285
}