{
    "avg_price": 68747.02150537634,
    "max_price": 70178.0,
    "min_price": 67665.0,
    "lastest_change": -0.4781338756325189
}