{
    "avg_price": 59741.85793871866,
    "max_price": 70178.0,
    "min_price": 51056.0,
    "lastest_change": -1.6638640858642313
}