{
    "avg_price": 59715.8351800554,
    "max_price": 70178.0,
    "min_price": 51056.0,
    "lastest_change": -2.337984915835416
}