{
    "avg_price": 69173.04545454546,
    "max_price": 69827.0,
    "min_price": 68284.0,
    "lastest_change": 0.6499614938955635
}