{
    "avg_price": 59451.252195734,
    "max_price": 70178.0,
    "min_price": 51056.0,
    "lastest_change": -0.4749399818931635
}