{
    "avg_price": 64962.17478510029,
    "max_price": 70178.0,
    "min_price": 51401.0,
    "lastest_change": 0.9741368773000034
}