{
    "avg_price": 63688.9648241206,
    "max_price": 70178.0,
    "min_price": 51401.0,
    "lastest_change": 1.29113554806811
}