{
    "avg_price": 61500.281904761905,
    "max_price": 70178.0,
    "min_price": 51401.0,
    "lastest_change": -0.8958203528801614
}