{
    "avg_price": 68216.4382022472,
    "max_price": 70178.0,
    "min_price": 65419.0,
    "lastest_change": 0.1712837325282538
}