{
    "avg_price": 59591.90240641711,
    "max_price": 70178.0,
    "min_price": 51056.0,
    "lastest_change": 0.974539131140694
}