{
    "avg_price": 59512.385416666664,
    "max_price": 70178.0,
    "min_price": 51056.0,
    "lastest_change": 1.007612474641451
}