{
    "avg_price": 68735.5859375,
    "max_price": 70178.0,
    "min_price": 67398.0,
    "lastest_change": -2.7292775515236536
}