{
    "avg_price": 67555.64257028112,
    "max_price": 70178.0,
    "min_price": 64175.0,
    "lastest_change": -1.5260876280258815
}