{
    "avg_price": 59608.31048387097,
    "max_price": 70178.0,
    "min_price": 51056.0,
    "lastest_change": 1.395463709801788
}