{
    "avg_price": 62752.12168141593,
    "max_price": 70178.0,
    "min_price": 51401.0,
    "lastest_change": 0.771988989581879
}