{
    "avg_price": 65351.78338278932,
    "max_price": 70178.0,
    "min_price": 51401.0,
    "lastest_change": -0.9578042756438448
}