{
    "avg_price": 63436.93446601942,
    "max_price": 70178.0,
    "min_price": 51401.0,
    "lastest_change": 1.1767922668872928
}