{
    "avg_price": 68085.47692307692,
    "max_price": 70178.0,
    "min_price": 65419.0,
    "lastest_change": -0.2698078794008325
}