{
    "avg_price": 68448.85714285714,
    "max_price": 68629.0,
    "min_price": 68339.0,
    "lastest_change": 2.0283545290877907
}