{
    "avg_price": 60546.69397993311,
    "max_price": 70178.0,
    "min_price": 51056.0,
    "lastest_change": 1.7484850095353672
}