{
    "avg_price": 61816.757396449706,
    "max_price": 70178.0,
    "min_price": 51401.0,
    "lastest_change": 0.8404022195356778
}