{
    "avg_price": 67784.05882352941,
    "max_price": 70178.0,
    "min_price": 64175.0,
    "lastest_change": 2.5593241922775154
}