{
    "avg_price": 68752.69072164949,
    "max_price": 70178.0,
    "min_price": 67665.0,
    "lastest_change": -0.3065813148167056
}