{
    "avg_price": 60269.88253968254,
    "max_price": 70178.0,
    "min_price": 51056.0,
    "lastest_change": 3.0632744482548144
}