{
    "avg_price": 69216.73913043478,
    "max_price": 70178.0,
    "min_price": 68284.0,
    "lastest_change": 1.3735485240458885
}