{
    "avg_price": 60003.46875,
    "max_price": 70178.0,
    "min_price": 51056.0,
    "lastest_change": -2.248047642685491
}