{
    "avg_price": 63292.66270783848,
    "max_price": 70178.0,
    "min_price": 51401.0,
    "lastest_change": 0.4058234532849148
}