{
    "avg_price": 68588.33333333333,
    "max_price": 68937.0,
    "min_price": 68284.0,
    "lastest_change": 0.7630237780287626
}