{
    "avg_price": 67750.34666666666,
    "max_price": 70178.0,
    "min_price": 64175.0,
    "lastest_change": 0.6994022493196697
}