{
    "avg_price": 61090.04553734062,
    "max_price": 70178.0,
    "min_price": 51056.0,
    "lastest_change": 3.622230254690204
}