{
    "avg_price": 59620.48717948718,
    "max_price": 70178.0,
    "min_price": 51056.0,
    "lastest_change": 1.0347905721444792
}