{
    "avg_price": 62095.62195121951,
    "max_price": 70178.0,
    "min_price": 51401.0,
    "lastest_change": -1.4486366073590935
}