{
    "avg_price": 67766.82959641256,
    "max_price": 70178.0,
    "min_price": 64175.0,
    "lastest_change": 1.4205262724023064
}