{
    "avg_price": 68061.30808080808,
    "max_price": 70178.0,
    "min_price": 65419.0,
    "lastest_change": -0.4333824999669239
}