{
    "avg_price": 68737.80645161291,
    "max_price": 70178.0,
    "min_price": 67398.0,
    "lastest_change": 2.597677734727
}