{
    "avg_price": 68328.25443786982,
    "max_price": 70178.0,
    "min_price": 65419.0,
    "lastest_change": -0.4850659243489506
}