{
    "avg_price": 68150.6559139785,
    "max_price": 70178.0,
    "min_price": 65419.0,
    "lastest_change": 1.438838689175021
}