{
    "avg_price": 59518.55352480418,
    "max_price": 70178.0,
    "min_price": 51056.0,
    "lastest_change": 1.083516665000866
}