{
    "avg_price": 65937.35714285714,
    "max_price": 70178.0,
    "min_price": 51401.0,
    "lastest_change": -6.571160991403503
}