{
    "avg_price": 59489.321794871794,
    "max_price": 70178.0,
    "min_price": 51056.0,
    "lastest_change": 1.868128883636779
}