{
    "avg_price": 59509.63849154746,
    "max_price": 70178.0,
    "min_price": 51056.0,
    "lastest_change": 1.69902956362226
}