{
    "avg_price": 68759.1603773585,
    "max_price": 70178.0,
    "min_price": 67665.0,
    "lastest_change": 0.3293381832416366
}