{
    "avg_price": 59472.34644670051,
    "max_price": 70178.0,
    "min_price": 51056.0,
    "lastest_change": -0.4890650183115359
}