{
    "avg_price": 67944.3495145631,
    "max_price": 70178.0,
    "min_price": 64175.0,
    "lastest_change": -3.4014806387642538
}