{
    "avg_price": 60442.2651391162,
    "max_price": 70178.0,
    "min_price": 51056.0,
    "lastest_change": -0.6949432798447857
}