{
    "avg_price": 59579.01065246338,
    "max_price": 70178.0,
    "min_price": 51056.0,
    "lastest_change": 0.5896455464082939
}