{
    "avg_price": 59787.99577464789,
    "max_price": 70178.0,
    "min_price": 51056.0,
    "lastest_change": -0.9432999652101404
}