{
    "avg_price": 68683.21323529411,
    "max_price": 70178.0,
    "min_price": 67337.0,
    "lastest_change": -2.804766779267156
}