{
    "avg_price": 59587.69158878505,
    "max_price": 70178.0,
    "min_price": 51056.0,
    "lastest_change": 0.905864850312374
}