{
    "avg_price": 68660.31081081081,
    "max_price": 70178.0,
    "min_price": 67665.0,
    "lastest_change": 0.7743473238466616
}