{
    "avg_price": 62466.76008492569,
    "max_price": 70178.0,
    "min_price": 51401.0,
    "lastest_change": -3.1701368352052643
}