{
    "avg_price": 59467.96582278481,
    "max_price": 70178.0,
    "min_price": 51056.0,
    "lastest_change": -0.7957459576648414
}