{
    "avg_price": 68301.42690058479,
    "max_price": 70178.0,
    "min_price": 65419.0,
    "lastest_change": 0.0912557423166417
}