{
    "avg_price": 61045.54891304348,
    "max_price": 70178.0,
    "min_price": 51056.0,
    "lastest_change": 2.5452489493656603
}