{
    "avg_price": 68107.265625,
    "max_price": 70178.0,
    "min_price": 65419.0,
    "lastest_change": 0.2476015187939954
}