{
    "avg_price": 62173.41598360656,
    "max_price": 70178.0,
    "min_price": 51401.0,
    "lastest_change": -0.222960253629243
}