{
    "avg_price": 60112.67480916031,
    "max_price": 70178.0,
    "min_price": 51056.0,
    "lastest_change": 0.1709038397623028
}