{
    "avg_price": 68731.86178861788,
    "max_price": 70178.0,
    "min_price": 67398.0,
    "lastest_change": 2.642685737568815
}