{
    "avg_price": 69106.84210526316,
    "max_price": 70178.0,
    "min_price": 67830.0,
    "lastest_change": -1.4021851966236891
}