{
    "avg_price": 60118.67125382263,
    "max_price": 70178.0,
    "min_price": 51056.0,
    "lastest_change": -0.3207033322728911
}