{
    "avg_price": 65861.36111111111,
    "max_price": 70178.0,
    "min_price": 51401.0,
    "lastest_change": -1.810226065214606
}