{
    "avg_price": 62999.441647597254,
    "max_price": 70178.0,
    "min_price": 51401.0,
    "lastest_change": -0.2505225265089817
}