{
    "avg_price": 68981.09302325582,
    "max_price": 70178.0,
    "min_price": 67830.0,
    "lastest_change": -1.365606319067906
}