{
    "avg_price": 60292.81658692185,
    "max_price": 70178.0,
    "min_price": 51056.0,
    "lastest_change": 1.5372566127990506
}