{
    "avg_price": 60780.93728222996,
    "max_price": 70178.0,
    "min_price": 51056.0,
    "lastest_change": 1.470652511521402
}