{
    "avg_price": 68562.12162162163,
    "max_price": 70178.0,
    "min_price": 66960.0,
    "lastest_change": -1.381709305203195
}