{
    "avg_price": 65504.48048048048,
    "max_price": 70178.0,
    "min_price": 51401.0,
    "lastest_change": -0.3654664051632421
}