{
    "avg_price": 68581.47260273973,
    "max_price": 70178.0,
    "min_price": 66960.0,
    "lastest_change": -1.048662783393581
}