{
    "avg_price": 64457.543715846994,
    "max_price": 70178.0,
    "min_price": 51401.0,
    "lastest_change": -2.2564479167557763
}