{
    "avg_price": 60197.69734789392,
    "max_price": 70178.0,
    "min_price": 51056.0,
    "lastest_change": 0.5130567988367449
}