{
    "avg_price": 68010.58415841585,
    "max_price": 70178.0,
    "min_price": 65231.0,
    "lastest_change": -2.3679731919815623
}