{
    "avg_price": 68156.56756756757,
    "max_price": 70178.0,
    "min_price": 65419.0,
    "lastest_change": 0.7387817606461882
}