{
    "avg_price": 62798.08908685969,
    "max_price": 70178.0,
    "min_price": 51401.0,
    "lastest_change": 1.5125172547442307
}