{
    "avg_price": 59629.012178619756,
    "max_price": 70178.0,
    "min_price": 51056.0,
    "lastest_change": 0.6170686680853279
}