{
    "avg_price": 68092.90721649484,
    "max_price": 70178.0,
    "min_price": 65419.0,
    "lastest_change": -0.3528264102565486
}