{
    "avg_price": 60622.21694915254,
    "max_price": 70178.0,
    "min_price": 51056.0,
    "lastest_change": -0.3860065534136802
}