{
    "avg_price": 68951.18181818182,
    "max_price": 70178.0,
    "min_price": 67665.0,
    "lastest_change": -2.350231035202324
}