{
    "avg_price": 65899.26315789473,
    "max_price": 70178.0,
    "min_price": 51401.0,
    "lastest_change": -2.2887305300990963
}