{
    "avg_price": 68706.77876106194,
    "max_price": 70178.0,
    "min_price": 67398.0,
    "lastest_change": -1.6512244856857088
}