{
    "avg_price": 60538.515859766274,
    "max_price": 70178.0,
    "min_price": 51056.0,
    "lastest_change": 1.3999778251344444
}