{
    "avg_price": 64822.10734463277,
    "max_price": 70178.0,
    "min_price": 51401.0,
    "lastest_change": 1.2373162254150352
}