{
    "avg_price": 66994.27272727272,
    "max_price": 70178.0,
    "min_price": 62747.0,
    "lastest_change": -0.5314130968491894
}