{
    "avg_price": 62282.964730290456,
    "max_price": 70178.0,
    "min_price": 51401.0,
    "lastest_change": -2.381887265850346
}