{
    "avg_price": 62499.09381663113,
    "max_price": 70178.0,
    "min_price": 51401.0,
    "lastest_change": -4.1106982336986855
}