{
    "avg_price": 68627.41843971632,
    "max_price": 70178.0,
    "min_price": 66960.0,
    "lastest_change": -1.1826210294729558
}