{
    "avg_price": 68314.97647058824,
    "max_price": 70178.0,
    "min_price": 65419.0,
    "lastest_change": 0.1206765987594326
}