{
    "avg_price": 63708.81108312342,
    "max_price": 70178.0,
    "min_price": 51401.0,
    "lastest_change": 0.9136416372863092
}