{
    "avg_price": 67232.48698884758,
    "max_price": 70178.0,
    "min_price": 62747.0,
    "lastest_change": -0.0847017538871072
}