{
    "avg_price": 60691.943396226416,
    "max_price": 70178.0,
    "min_price": 51056.0,
    "lastest_change": 0.7989050851357056
}