{
    "avg_price": 60080.92121212121,
    "max_price": 70178.0,
    "min_price": 51056.0,
    "lastest_change": -0.4211742613490442
}