{
    "avg_price": 67733.8986784141,
    "max_price": 70178.0,
    "min_price": 64175.0,
    "lastest_change": 0.120929738200425
}