{
    "avg_price": 67411.6550387597,
    "max_price": 70178.0,
    "min_price": 62874.0,
    "lastest_change": -1.000187605352414
}