{
    "avg_price": 62319.058333333334,
    "max_price": 70178.0,
    "min_price": 51401.0,
    "lastest_change": -2.5399348492398723
}