{
    "avg_price": 68749.91489361702,
    "max_price": 70178.0,
    "min_price": 67665.0,
    "lastest_change": 0.504143585912614
}