{
    "avg_price": 67497.92885375494,
    "max_price": 70178.0,
    "min_price": 62997.0,
    "lastest_change": -2.803918785958357
}