{
    "avg_price": 59483.06896551724,
    "max_price": 70178.0,
    "min_price": 51056.0,
    "lastest_change": -0.1229255371517083
}