{
    "avg_price": 63606.13184079602,
    "max_price": 70178.0,
    "min_price": 51401.0,
    "lastest_change": -0.4278427850486548
}