{
    "avg_price": 62813.39508928572,
    "max_price": 70178.0,
    "min_price": 51401.0,
    "lastest_change": 1.193579135461204
}