{
    "avg_price": 68707.68181818182,
    "max_price": 70178.0,
    "min_price": 67665.0,
    "lastest_change": 0.0877401487695297
}