{
    "avg_price": 64232.59893048128,
    "max_price": 70178.0,
    "min_price": 51401.0,
    "lastest_change": 0.848983540510116
}