{
    "avg_price": 62403.94736842105,
    "max_price": 70178.0,
    "min_price": 51401.0,
    "lastest_change": -1.5516678102632568
}