{
    "avg_price": 61677.84077669903,
    "max_price": 70178.0,
    "min_price": 51401.0,
    "lastest_change": -0.0507333745457705
}