{
    "avg_price": 60423.98858075041,
    "max_price": 70178.0,
    "min_price": 51056.0,
    "lastest_change": -0.9045080464142824
}