{
    "avg_price": 64369.227642276426,
    "max_price": 70178.0,
    "min_price": 51401.0,
    "lastest_change": -0.3525456058770057
}