{
    "avg_price": 68675.55882352941,
    "max_price": 70178.0,
    "min_price": 67665.0,
    "lastest_change": 0.6014641299414532
}