{
    "avg_price": 63190.12412177986,
    "max_price": 70178.0,
    "min_price": 51401.0,
    "lastest_change": -0.0267419990266491
}