{
    "avg_price": 59456.45031446541,
    "max_price": 70178.0,
    "min_price": 51056.0,
    "lastest_change": -0.5121267276142849
}