{
    "avg_price": 66877.08843537416,
    "max_price": 70178.0,
    "min_price": 61351.0,
    "lastest_change": -2.6426667110807256
}