{
    "avg_price": 60802.58391608392,
    "max_price": 70178.0,
    "min_price": 51056.0,
    "lastest_change": 2.0134951910221286
}