{
    "avg_price": 61660.73449612403,
    "max_price": 70178.0,
    "min_price": 51401.0,
    "lastest_change": -0.1006127138943427
}