{
    "avg_price": 63452.04622871046,
    "max_price": 70178.0,
    "min_price": 51401.0,
    "lastest_change": 1.1416734857431563
}