{
    "avg_price": 65700.51829268293,
    "max_price": 70178.0,
    "min_price": 51401.0,
    "lastest_change": -2.202851308391342
}