{
    "avg_price": 62016.57258064516,
    "max_price": 70178.0,
    "min_price": 51401.0,
    "lastest_change": 0.4786560943841531
}