{
    "avg_price": 63093.93287037037,
    "max_price": 70178.0,
    "min_price": 51401.0,
    "lastest_change": -1.860271112124303
}