{
    "avg_price": 68501.8193548387,
    "max_price": 70178.0,
    "min_price": 66960.0,
    "lastest_change": -0.1795757138233728
}