{
    "avg_price": 68713.78571428571,
    "max_price": 70178.0,
    "min_price": 67398.0,
    "lastest_change": -1.3409005239732457
}