{
    "avg_price": 59515.58018252934,
    "max_price": 70178.0,
    "min_price": 51056.0,
    "lastest_change": 1.707424523544187
}