{
    "avg_price": 59837.904285714285,
    "max_price": 70178.0,
    "min_price": 51056.0,
    "lastest_change": 0.242816299844427
}