{
    "avg_price": 65427.60298507463,
    "max_price": 70178.0,
    "min_price": 51401.0,
    "lastest_change": -1.7410271609692969
}