{
    "avg_price": 59532.05249343832,
    "max_price": 70178.0,
    "min_price": 51056.0,
    "lastest_change": -0.4032455748508314
}