{
    "avg_price": 68656.16883116883,
    "max_price": 70178.0,
    "min_price": 67665.0,
    "lastest_change": 0.5452267337457747
}