{
    "avg_price": 67694.44444444444,
    "max_price": 70178.0,
    "min_price": 64175.0,
    "lastest_change": 0.912108159774524
}