{
    "avg_price": 67089.41577060932,
    "max_price": 70178.0,
    "min_price": 62747.0,
    "lastest_change": 0.4683070323113114
}