{
    "avg_price": 60739.1937716263,
    "max_price": 70178.0,
    "min_price": 51056.0,
    "lastest_change": 1.4090584533953894
}