{
    "avg_price": 67529.609561753,
    "max_price": 70178.0,
    "min_price": 63981.0,
    "lastest_change": -1.5973735738815098
}