{
    "avg_price": 68420.40490797546,
    "max_price": 70178.0,
    "min_price": 66093.0,
    "lastest_change": -1.4093284159846524
}