{
    "avg_price": 62767.74944567627,
    "max_price": 70178.0,
    "min_price": 51401.0,
    "lastest_change": 0.9924752997248264
}