{
    "avg_price": 59408.36498150432,
    "max_price": 70178.0,
    "min_price": 51056.0,
    "lastest_change": -0.9877663154802911
}