{
    "avg_price": 59882.608695652176,
    "max_price": 70178.0,
    "min_price": 51056.0,
    "lastest_change": 4.3913029684524
}