{
    "avg_price": 68136.32978723405,
    "max_price": 70178.0,
    "min_price": 65419.0,
    "lastest_change": -0.2237283824501896
}