{
    "avg_price": 62782.86666666667,
    "max_price": 70178.0,
    "min_price": 51401.0,
    "lastest_change": 1.242220628852215
}