{
    "avg_price": 68755.52336448598,
    "max_price": 70178.0,
    "min_price": 67665.0,
    "lastest_change": -0.4715802205663451
}