{
    "avg_price": 59925.231671554255,
    "max_price": 70178.0,
    "min_price": 51056.0,
    "lastest_change": -0.3369210683601341
}