{
    "avg_price": 68725.95555555556,
    "max_price": 70178.0,
    "min_price": 67665.0,
    "lastest_change": 0.9493946664452
}