{
    "avg_price": 62861.69213483146,
    "max_price": 70178.0,
    "min_price": 51401.0,
    "lastest_change": 1.0964792273632942
}