{
    "avg_price": 59648.20952380952,
    "max_price": 70178.0,
    "min_price": 51056.0,
    "lastest_change": 1.446011695327639
}