{
    "avg_price": 63530.184729064036,
    "max_price": 70178.0,
    "min_price": 51401.0,
    "lastest_change": 1.7417077266258896
}