{
    "avg_price": 59433.50684931507,
    "max_price": 70178.0,
    "min_price": 51056.0,
    "lastest_change": -1.0557740956261836
}