{
    "avg_price": 68699.04761904762,
    "max_price": 70178.0,
    "min_price": 67665.0,
    "lastest_change": 1.5409468491658176
}