{
    "avg_price": 60554.85929648241,
    "max_price": 70178.0,
    "min_price": 51056.0,
    "lastest_change": -1.6581733733761428
}