{
    "avg_price": 63467.4756097561,
    "max_price": 70178.0,
    "min_price": 51401.0,
    "lastest_change": 3.60000789028066
}