{
    "avg_price": 62877.64864864865,
    "max_price": 70178.0,
    "min_price": 51401.0,
    "lastest_change": 0.0774331059769967
}