{
    "avg_price": 67669.39915966387,
    "max_price": 70178.0,
    "min_price": 64175.0,
    "lastest_change": -0.5827523372696283
}