{
    "avg_price": 63074.2817551963,
    "max_price": 70178.0,
    "min_price": 51401.0,
    "lastest_change": -2.41217906036036
}