{
    "avg_price": 65284.38053097345,
    "max_price": 70178.0,
    "min_price": 51401.0,
    "lastest_change": 1.9019718800379128
}