{
    "avg_price": 67049.59219858157,
    "max_price": 70178.0,
    "min_price": 62747.0,
    "lastest_change": 0.2334100165424199
}