{
    "avg_price": 65217.697947214074,
    "max_price": 70178.0,
    "min_price": 51401.0,
    "lastest_change": 1.337797176165565
}