{
    "avg_price": 60465.57401315789,
    "max_price": 70178.0,
    "min_price": 51056.0,
    "lastest_change": 0.2240444653678059
}