{
    "avg_price": 59439.062421972536,
    "max_price": 70178.0,
    "min_price": 51056.0,
    "lastest_change": -1.0029093528912176
}