{
    "avg_price": 65543.71385542168,
    "max_price": 70178.0,
    "min_price": 51401.0,
    "lastest_change": -0.2441066840142684
}