{
    "avg_price": 60941.87142857143,
    "max_price": 70178.0,
    "min_price": 51056.0,
    "lastest_change": 2.005124737562809
}