{
    "avg_price": 68699.38596491228,
    "max_price": 70178.0,
    "min_price": 67398.0,
    "lastest_change": -1.7925646553850454
}