{
    "avg_price": 64399.00815217391,
    "max_price": 70178.0,
    "min_price": 51401.0,
    "lastest_change": -0.0188342513334819
}