{
    "avg_price": 66294.41533546326,
    "max_price": 70178.0,
    "min_price": 53364.0,
    "lastest_change": -4.494061278367394
}