{
    "avg_price": 59521.82875816993,
    "max_price": 70178.0,
    "min_price": 51056.0,
    "lastest_change": 1.9885088410123692
}