{
    "avg_price": 59772.33941093969,
    "max_price": 70178.0,
    "min_price": 51056.0,
    "lastest_change": -1.0175719736232944
}