{
    "avg_price": 63584.93300248139,
    "max_price": 70178.0,
    "min_price": 51401.0,
    "lastest_change": -0.8919955549445796
}