{
    "avg_price": 69082.89743589744,
    "max_price": 70178.0,
    "min_price": 67830.0,
    "lastest_change": -1.52458551838771
}