{
    "avg_price": 60813.3292469352,
    "max_price": 70178.0,
    "min_price": 51056.0,
    "lastest_change": 2.172443047157276
}