{
    "avg_price": 68708.33333333333,
    "max_price": 70178.0,
    "min_price": 67398.0,
    "lastest_change": 2.6506546021084434
}