{
    "avg_price": 68847.97959183673,
    "max_price": 70178.0,
    "min_price": 67665.0,
    "lastest_change": 0.1454168835585473
}