{
    "avg_price": 64674.3008356546,
    "max_price": 70178.0,
    "min_price": 51401.0,
    "lastest_change": -3.90587004858942
}