{
    "avg_price": 67881.16666666667,
    "max_price": 70178.0,
    "min_price": 64175.0,
    "lastest_change": -1.577575827502486
}