{
    "avg_price": 67980.7794117647,
    "max_price": 70178.0,
    "min_price": 64940.0,
    "lastest_change": -2.716812733229262
}