{
    "avg_price": 63374.502403846156,
    "max_price": 70178.0,
    "min_price": 51401.0,
    "lastest_change": -1.2960474907400648
}