{
    "avg_price": 60473.35584843493,
    "max_price": 70178.0,
    "min_price": 51056.0,
    "lastest_change": 0.5951173907134127
}