{
    "avg_price": 65151.05539358601,
    "max_price": 70178.0,
    "min_price": 51401.0,
    "lastest_change": 2.3092379456957226
}