{
    "avg_price": 62056.78542510122,
    "max_price": 70178.0,
    "min_price": 51401.0,
    "lastest_change": -3.473388698922274
}