{
    "avg_price": 65622.24242424243,
    "max_price": 70178.0,
    "min_price": 51401.0,
    "lastest_change": 0.5039396983766248
}