{
    "avg_price": 60250.12954186414,
    "max_price": 70178.0,
    "min_price": 51056.0,
    "lastest_change": 2.4575863996992453
}