{
    "avg_price": 60335.85852090032,
    "max_price": 70178.0,
    "min_price": 51056.0,
    "lastest_change": -2.0890443666744845
}