{
    "avg_price": 68690.49397590362,
    "max_price": 70178.0,
    "min_price": 67665.0,
    "lastest_change": 2.196816302942268
}