{
    "avg_price": 63482.55012224939,
    "max_price": 70178.0,
    "min_price": 51401.0,
    "lastest_change": 4.094936422390471
}