{
    "avg_price": 60759.598958333336,
    "max_price": 70178.0,
    "min_price": 51056.0,
    "lastest_change": 0.7245873293168488
}