{
    "avg_price": 59887.12336719884,
    "max_price": 70178.0,
    "min_price": 51056.0,
    "lastest_change": 3.925497627847903
}