{
    "avg_price": 60404.08455284553,
    "max_price": 70178.0,
    "min_price": 51056.0,
    "lastest_change": -1.4598831212593664
}