{
    "avg_price": 61274.28066914498,
    "max_price": 70178.0,
    "min_price": 51056.0,
    "lastest_change": -2.8589225366153266
}