{
    "avg_price": 59709.90733056708,
    "max_price": 70178.0,
    "min_price": 51056.0,
    "lastest_change": -1.4954490216259952
}