{
    "avg_price": 60317.51602564102,
    "max_price": 70178.0,
    "min_price": 51056.0,
    "lastest_change": 0.4838464320962871
}