{
    "avg_price": 63943.13471502591,
    "max_price": 70178.0,
    "min_price": 51401.0,
    "lastest_change": -0.0238468406562753
}