{
    "avg_price": 59782.741209563996,
    "max_price": 70178.0,
    "min_price": 51056.0,
    "lastest_change": -0.9848642471291592
}