{
    "avg_price": 68738.77192982456,
    "max_price": 70178.0,
    "min_price": 67665.0,
    "lastest_change": 0.4641588688820571
}