{
    "avg_price": 60458.02791461412,
    "max_price": 70178.0,
    "min_price": 51056.0,
    "lastest_change": 0.1047814436153287
}