{
    "avg_price": 67248.47388059701,
    "max_price": 70178.0,
    "min_price": 62747.0,
    "lastest_change": -0.4352100268014612
}