{
    "avg_price": 66145.22082018928,
    "max_price": 70178.0,
    "min_price": 53364.0,
    "lastest_change": -2.7842136418410863
}