{
    "avg_price": 61997.818913480885,
    "max_price": 70178.0,
    "min_price": 51401.0,
    "lastest_change": 1.001466036299672
}