{
    "avg_price": 60051.38496240602,
    "max_price": 70178.0,
    "min_price": 51056.0,
    "lastest_change": -0.1544961178709257
}