{
    "avg_price": 68747.30392156863,
    "max_price": 70178.0,
    "min_price": 67665.0,
    "lastest_change": -0.9231895816977134
}