{
    "avg_price": 59828.7094017094,
    "max_price": 70178.0,
    "min_price": 51056.0,
    "lastest_change": -0.5135270065570657
}