{
    "avg_price": 59955.01622418879,
    "max_price": 70178.0,
    "min_price": 51056.0,
    "lastest_change": -2.21745387212372
}