{
    "avg_price": 62548.675965665236,
    "max_price": 70178.0,
    "min_price": 51401.0,
    "lastest_change": -0.1435825923082027
}