{
    "avg_price": 59842.476394849786,
    "max_price": 70178.0,
    "min_price": 51056.0,
    "lastest_change": 0.442593182420297
}