{
    "avg_price": 60845.27640845071,
    "max_price": 70178.0,
    "min_price": 51056.0,
    "lastest_change": 1.1318877863995638
}