{
    "avg_price": 63990.309895833336,
    "max_price": 70178.0,
    "min_price": 51401.0,
    "lastest_change": 0.1024731351646354
}