{
    "avg_price": 62911.755656108595,
    "max_price": 70178.0,
    "min_price": 51401.0,
    "lastest_change": 1.9391294629055773
}