{
    "avg_price": 68608.48951048951,
    "max_price": 70178.0,
    "min_price": 66960.0,
    "lastest_change": -1.1274893012865264
}