{
    "avg_price": 59566.14058355438,
    "max_price": 70178.0,
    "min_price": 51056.0,
    "lastest_change": -0.1885479823115734
}