{
    "avg_price": 59415.97033374536,
    "max_price": 70178.0,
    "min_price": 51056.0,
    "lastest_change": -1.4521387107068309
}