{
    "avg_price": 61311.97947761194,
    "max_price": 70178.0,
    "min_price": 51056.0,
    "lastest_change": -1.5978531676615066
}