{
    "avg_price": 59445.04755944931,
    "max_price": 70178.0,
    "min_price": 51056.0,
    "lastest_change": -1.4738014347180055
}