{
    "avg_price": 62845.38340807175,
    "max_price": 70178.0,
    "min_price": 51401.0,
    "lastest_change": 1.0111261727263794
}