{
    "avg_price": 69199.37142857142,
    "max_price": 70178.0,
    "min_price": 68284.0,
    "lastest_change": -1.6253433038190004
}