{
    "avg_price": 68660.86301369863,
    "max_price": 70178.0,
    "min_price": 67665.0,
    "lastest_change": 0.6517837446240814
}