{
    "avg_price": 59970.83875739645,
    "max_price": 70178.0,
    "min_price": 51056.0,
    "lastest_change": -3.040299657217972
}