{
    "avg_price": 69252.19230769231,
    "max_price": 70178.0,
    "min_price": 68284.0,
    "lastest_change": -0.1616078409706485
}