{
    "avg_price": 61590.196153846155,
    "max_price": 70178.0,
    "min_price": 51401.0,
    "lastest_change": -1.4323367510288705
}