{
    "avg_price": 60045.33033033033,
    "max_price": 70178.0,
    "min_price": 51056.0,
    "lastest_change": -0.5515539852553167
}