{
    "avg_price": 65183.73684210526,
    "max_price": 70178.0,
    "min_price": 51401.0,
    "lastest_change": 1.9387672408209151
}