{
    "avg_price": 67281.55639097745,
    "max_price": 70178.0,
    "min_price": 62874.0,
    "lastest_change": -0.1806267637528684
}