{
    "avg_price": 59891.92587209302,
    "max_price": 70178.0,
    "min_price": 51056.0,
    "lastest_change": 3.450363870856896
}