{
    "avg_price": 63898.1030927835,
    "max_price": 70178.0,
    "min_price": 51401.0,
    "lastest_change": 0.2785124120933012
}