{
    "avg_price": 68670.63503649634,
    "max_price": 70178.0,
    "min_price": 66960.0,
    "lastest_change": -3.329662863890137
}