{
    "avg_price": 59877.956584659914,
    "max_price": 70178.0,
    "min_price": 51056.0,
    "lastest_change": 3.5426575489596304
}