{
    "avg_price": 60326.22311396469,
    "max_price": 70178.0,
    "min_price": 51056.0,
    "lastest_change": -1.250277180624284
}