{
    "avg_price": 59823.92460881935,
    "max_price": 70178.0,
    "min_price": 51056.0,
    "lastest_change": -0.7329585364481239
}