{
    "avg_price": 59995.45616641902,
    "max_price": 70178.0,
    "min_price": 51056.0,
    "lastest_change": -2.60539241349221
}