{
    "avg_price": 60057.073795180724,
    "max_price": 70178.0,
    "min_price": 51056.0,
    "lastest_change": -0.0599878568764818
}