{
    "avg_price": 68253.04571428572,
    "max_price": 70178.0,
    "min_price": 65419.0,
    "lastest_change": 0.6033831530692819
}