{
    "avg_price": 59722.3786407767,
    "max_price": 70178.0,
    "min_price": 51056.0,
    "lastest_change": -2.1604345198112345
}