{
    "avg_price": 68077.7193877551,
    "max_price": 70178.0,
    "min_price": 65419.0,
    "lastest_change": -0.2448509653934976
}