{
    "avg_price": 67103.26258992805,
    "max_price": 70178.0,
    "min_price": 62747.0,
    "lastest_change": 0.451381731790814
}