{
    "avg_price": 60262.874801901744,
    "max_price": 70178.0,
    "min_price": 51056.0,
    "lastest_change": 1.537692259284895
}