{
    "avg_price": 62562.443010752686,
    "max_price": 70178.0,
    "min_price": 51401.0,
    "lastest_change": 0.7846072720291604
}