{
    "avg_price": 59500.65588615782,
    "max_price": 70178.0,
    "min_price": 51056.0,
    "lastest_change": 2.4553171635964914
}