{
    "avg_price": 61292.91433891992,
    "max_price": 70178.0,
    "min_price": 51056.0,
    "lastest_change": -3.297846525745931
}