{
    "avg_price": 61349.378277153555,
    "max_price": 70178.0,
    "min_price": 51401.0,
    "lastest_change": -1.4070448265104931
}