{
    "avg_price": 68688.19354838709,
    "max_price": 70178.0,
    "min_price": 67665.0,
    "lastest_change": 0.2700001563669321
}