{
    "avg_price": 68688.30172413793,
    "max_price": 70178.0,
    "min_price": 67398.0,
    "lastest_change": -1.4899933461880983
}