{
    "avg_price": 68700.8953488372,
    "max_price": 70178.0,
    "min_price": 67665.0,
    "lastest_change": 0.3820922627216591
}