{
    "avg_price": 59979.05037037037,
    "max_price": 70178.0,
    "min_price": 51056.0,
    "lastest_change": -3.0926975841302604
}