{
    "avg_price": 60480.78382838284,
    "max_price": 70178.0,
    "min_price": 51056.0,
    "lastest_change": 2.7310676110894145
}