{
    "avg_price": 68460.94375,
    "max_price": 70178.0,
    "min_price": 66905.0,
    "lastest_change": -0.534765896932807
}