{
    "avg_price": 67480.28740157481,
    "max_price": 70178.0,
    "min_price": 62997.0,
    "lastest_change": -3.253458797298018
}