{
    "avg_price": 67022.41549295775,
    "max_price": 70178.0,
    "min_price": 62747.0,
    "lastest_change": -0.3571361644659697
}