{
    "avg_price": 61518.12786259542,
    "max_price": 70178.0,
    "min_price": 51401.0,
    "lastest_change": -0.9836638213967216
}