{
    "avg_price": 59419.7797029703,
    "max_price": 70178.0,
    "min_price": 51056.0,
    "lastest_change": -0.9746384612268628
}