{
    "avg_price": 60039.328335832084,
    "max_price": 70178.0,
    "min_price": 51056.0,
    "lastest_change": -0.3274182136083535
}