{
    "avg_price": 68572.44897959183,
    "max_price": 70178.0,
    "min_price": 66960.0,
    "lastest_change": -1.1387539549054713
}