{
    "avg_price": 59616.37331536388,
    "max_price": 70178.0,
    "min_price": 51056.0,
    "lastest_change": 0.8627898953651773
}