{
    "avg_price": 60856.73192239859,
    "max_price": 70178.0,
    "min_price": 51056.0,
    "lastest_change": 0.5866901294530213
}