{
    "avg_price": 60710.91049913941,
    "max_price": 70178.0,
    "min_price": 51056.0,
    "lastest_change": 0.6417894190796595
}