{
    "avg_price": 60185.18818040435,
    "max_price": 70178.0,
    "min_price": 51056.0,
    "lastest_change": -0.2359258452115329
}