{
    "avg_price": 66332.67948717948,
    "max_price": 70178.0,
    "min_price": 53364.0,
    "lastest_change": -4.09854912247859
}