{
    "avg_price": 64520.13736263736,
    "max_price": 70178.0,
    "min_price": 51401.0,
    "lastest_change": -2.4099777728911653
}