{
    "avg_price": 60087.0971168437,
    "max_price": 70178.0,
    "min_price": 51056.0,
    "lastest_change": -0.3544133624876713
}