{
    "avg_price": 66256.84394904459,
    "max_price": 70178.0,
    "min_price": 53364.0,
    "lastest_change": -3.490136953536937
}