{
    "avg_price": 59911.837719298244,
    "max_price": 70178.0,
    "min_price": 51056.0,
    "lastest_change": 2.0567945096730087
}