{
    "avg_price": 59536.41130091984,
    "max_price": 70178.0,
    "min_price": 51056.0,
    "lastest_change": -0.7106200724312248
}