{
    "avg_price": 64735.963585434176,
    "max_price": 70178.0,
    "min_price": 51401.0,
    "lastest_change": -0.3814048327751278
}