{
    "avg_price": 59851.62984218077,
    "max_price": 70178.0,
    "min_price": 51056.0,
    "lastest_change": 2.1403315837923134
}