{
    "avg_price": 62706.45714285714,
    "max_price": 70178.0,
    "min_price": 51401.0,
    "lastest_change": 0.209193033307243
}