{
    "avg_price": 60834.560632688925,
    "max_price": 70178.0,
    "min_price": 51056.0,
    "lastest_change": 1.8181562405236171
}