{
    "avg_price": 60025.8490284006,
    "max_price": 70178.0,
    "min_price": 51056.0,
    "lastest_change": -1.9872841765193463
}