{
    "avg_price": 68446.6894409938,
    "max_price": 70178.0,
    "min_price": 66166.0,
    "lastest_change": -1.3837862164336925
}