{
    "avg_price": 67709.5974025974,
    "max_price": 70178.0,
    "min_price": 64175.0,
    "lastest_change": -0.1021806660011399
}