{
    "avg_price": 60954.82647584973,
    "max_price": 70178.0,
    "min_price": 51056.0,
    "lastest_change": 1.2229860176367178
}