{
    "avg_price": 68719.13740458015,
    "max_price": 70178.0,
    "min_price": 67398.0,
    "lastest_change": -2.5331370116438974
}