{
    "avg_price": 61712.70955165692,
    "max_price": 70178.0,
    "min_price": 51401.0,
    "lastest_change": 0.4397149846479642
}