{
    "avg_price": 60993.546762589925,
    "max_price": 70178.0,
    "min_price": 51056.0,
    "lastest_change": 2.01749031093986
}