{
    "avg_price": 63966.72207792208,
    "max_price": 70178.0,
    "min_price": 51401.0,
    "lastest_change": 0.0882086504432156
}