{
    "avg_price": 62691.10526315789,
    "max_price": 70178.0,
    "min_price": 51401.0,
    "lastest_change": 0.2185482029562538
}