{
    "avg_price": 62516.230769230766,
    "max_price": 70178.0,
    "min_price": 51401.0,
    "lastest_change": -2.35297013810042
}