{
    "avg_price": 63358.31175059952,
    "max_price": 70178.0,
    "min_price": 51401.0,
    "lastest_change": -0.870386681511003
}