{
    "avg_price": 68890.44680851063,
    "max_price": 70178.0,
    "min_price": 67665.0,
    "lastest_change": -0.7761950330294884
}