{
    "avg_price": 65982.64174454828,
    "max_price": 70178.0,
    "min_price": 52439.0,
    "lastest_change": -3.1343884619185336
}