{
    "avg_price": 61833.62648221344,
    "max_price": 70178.0,
    "min_price": 51401.0,
    "lastest_change": 1.286250278684638
}