{
    "avg_price": 59604.281879194634,
    "max_price": 70178.0,
    "min_price": 51056.0,
    "lastest_change": 1.4308748779788054
}