{
    "avg_price": 66895.94880546075,
    "max_price": 70178.0,
    "min_price": 61660.0,
    "lastest_change": -2.6188567070343525
}