{
    "avg_price": 60592.635750421585,
    "max_price": 70178.0,
    "min_price": 51056.0,
    "lastest_change": -0.899676411868792
}