{
    "avg_price": 61237.11666666667,
    "max_price": 70178.0,
    "min_price": 51056.0,
    "lastest_change": -2.908067974325375
}