{
    "avg_price": 62450.56991525424,
    "max_price": 70178.0,
    "min_price": 51401.0,
    "lastest_change": -2.6832700568707133
}