{
    "avg_price": 59673.6602739726,
    "max_price": 70178.0,
    "min_price": 51056.0,
    "lastest_change": 0.7607421396810079
}