{
    "avg_price": 66446.72491909385,
    "max_price": 70178.0,
    "min_price": 53364.0,
    "lastest_change": -6.990022941364183
}