{
    "avg_price": 64133.521164021164,
    "max_price": 70178.0,
    "min_price": 51401.0,
    "lastest_change": 1.145690677079476
}