{
    "avg_price": 63151.291375291374,
    "max_price": 70178.0,
    "min_price": 51401.0,
    "lastest_change": -3.0508764785306326
}