{
    "avg_price": 68370.48795180723,
    "max_price": 70178.0,
    "min_price": 65419.0,
    "lastest_change": -1.9181963542226363
}