{
    "avg_price": 59461.32786885246,
    "max_price": 70178.0,
    "min_price": 51056.0,
    "lastest_change": -1.091247167546305
}