{
    "avg_price": 61886.359840954276,
    "max_price": 70178.0,
    "min_price": 51401.0,
    "lastest_change": 0.3891296073852461
}