{
    "avg_price": 59436.2319201995,
    "max_price": 70178.0,
    "min_price": 51056.0,
    "lastest_change": -1.1191607745238767
}