{
    "avg_price": 68694.71304347826,
    "max_price": 70178.0,
    "min_price": 67398.0,
    "lastest_change": -1.433298206810547
}