{
    "avg_price": 67463.13725490196,
    "max_price": 70178.0,
    "min_price": 62997.0,
    "lastest_change": -2.947492624511153
}