{
    "avg_price": 60770.217391304344,
    "max_price": 70178.0,
    "min_price": 51056.0,
    "lastest_change": 1.1301861473959762
}