{
    "avg_price": 68356.37125748504,
    "max_price": 70178.0,
    "min_price": 65419.0,
    "lastest_change": -2.134419643934854
}