{
    "avg_price": 60916.32740213523,
    "max_price": 70178.0,
    "min_price": 51056.0,
    "lastest_change": 2.378285739099144
}