{
    "avg_price": 63277.08767772512,
    "max_price": 70178.0,
    "min_price": 51401.0,
    "lastest_change": 0.2976416061520562
}