{
    "avg_price": 64013.96083550914,
    "max_price": 70178.0,
    "min_price": 51401.0,
    "lastest_change": 0.4554516239293846
}