{
    "avg_price": 68748.61616161616,
    "max_price": 70178.0,
    "min_price": 67665.0,
    "lastest_change": -1.0558255699294712
}