{
    "avg_price": 59497.93161290322,
    "max_price": 70178.0,
    "min_price": 51056.0,
    "lastest_change": 1.8919358741313088
}