{
    "avg_price": 59492.76349614396,
    "max_price": 70178.0,
    "min_price": 51056.0,
    "lastest_change": 1.797153090697697
}