{
    "avg_price": 67427.7120622568,
    "max_price": 70178.0,
    "min_price": 62874.0,
    "lastest_change": -2.1990279344569683
}