{
    "avg_price": 62928.72335600907,
    "max_price": 70178.0,
    "min_price": 51401.0,
    "lastest_change": 1.0084743599562456
}