{
    "avg_price": 59847.00716332378,
    "max_price": 70178.0,
    "min_price": 51056.0,
    "lastest_change": -0.12981152421646
}