{
    "avg_price": 66368.68167202572,
    "max_price": 70178.0,
    "min_price": 53364.0,
    "lastest_change": -7.114715433980563
}