{
    "avg_price": 68708.84962406015,
    "max_price": 70178.0,
    "min_price": 67398.0,
    "lastest_change": -2.639557569235135
}