{
    "avg_price": 60160.82843894899,
    "max_price": 70178.0,
    "min_price": 51056.0,
    "lastest_change": 0.6535621383161258
}