{
    "avg_price": 68470.72955974843,
    "max_price": 70178.0,
    "min_price": 66960.0,
    "lastest_change": -0.0154539465150231
}