{
    "avg_price": 60191.495327102806,
    "max_price": 70178.0,
    "min_price": 51056.0,
    "lastest_change": 0.0388295870752513
}