{
    "avg_price": 59400.948339483395,
    "max_price": 70178.0,
    "min_price": 51056.0,
    "lastest_change": -1.470387843490093
}