{
    "avg_price": 61366.92495309569,
    "max_price": 70178.0,
    "min_price": 51401.0,
    "lastest_change": -1.1886234079982312
}