{
    "avg_price": 63132.28372093023,
    "max_price": 70178.0,
    "min_price": 51401.0,
    "lastest_change": -1.653029214031172
}