{
    "avg_price": 60671.97435897436,
    "max_price": 70178.0,
    "min_price": 51056.0,
    "lastest_change": 0.4388350486660156
}