{
    "avg_price": 59962.82127031019,
    "max_price": 70178.0,
    "min_price": 51056.0,
    "lastest_change": -2.5484336217640955
}