{
    "avg_price": 66967.10416666667,
    "max_price": 70178.0,
    "min_price": 62747.0,
    "lastest_change": -0.3484434608989406
}