{
    "avg_price": 65051.35838150289,
    "max_price": 70178.0,
    "min_price": 51401.0,
    "lastest_change": 1.8136660712152897
}