{
    "avg_price": 66558.12091503268,
    "max_price": 70178.0,
    "min_price": 56760.0,
    "lastest_change": -2.4514657851043267
}