{
    "avg_price": 68428.18181818182,
    "max_price": 68629.0,
    "min_price": 68339.0,
    "lastest_change": 1.846808358971586
}