{
    "avg_price": 67445.2109375,
    "max_price": 70178.0,
    "min_price": 62874.0,
    "lastest_change": -2.728278356927631
}