{
    "avg_price": 68926.6888888889,
    "max_price": 70178.0,
    "min_price": 67665.0,
    "lastest_change": -1.866973593828488
}