{
    "avg_price": 60507.07131011609,
    "max_price": 70178.0,
    "min_price": 51056.0,
    "lastest_change": -0.0769916684044442
}