{
    "avg_price": 68510.46103896105,
    "max_price": 70178.0,
    "min_price": 66960.0,
    "lastest_change": -0.2299325533499506
}