{
    "avg_price": 59792.96191819464,
    "max_price": 70178.0,
    "min_price": 51056.0,
    "lastest_change": -1.5514129071874587
}