{
    "avg_price": 68659.7435897436,
    "max_price": 70178.0,
    "min_price": 67665.0,
    "lastest_change": 0.7871975907301517
}