{
    "avg_price": 59624.67972972973,
    "max_price": 70178.0,
    "min_price": 51056.0,
    "lastest_change": 0.7773159078053421
}