{
    "avg_price": 59485.175191815855,
    "max_price": 70178.0,
    "min_price": 51056.0,
    "lastest_change": 0.3751196660406397
}