{
    "avg_price": 63390.927710843374,
    "max_price": 70178.0,
    "min_price": 51401.0,
    "lastest_change": -1.2211341811901035
}