{
    "avg_price": 68716.86516853933,
    "max_price": 70178.0,
    "min_price": 67665.0,
    "lastest_change": 0.8528915819426947
}