{
    "avg_price": 61643.34622823985,
    "max_price": 70178.0,
    "min_price": 51401.0,
    "lastest_change": -0.800603600568817
}