{
    "avg_price": 68657.77333333333,
    "max_price": 70178.0,
    "min_price": 67665.0,
    "lastest_change": 0.515530854894336
}