{
    "avg_price": 59553.306472919416,
    "max_price": 70178.0,
    "min_price": 51056.0,
    "lastest_change": -0.5220968721671906
}