{
    "avg_price": 68678.26865671642,
    "max_price": 70178.0,
    "min_price": 67665.0,
    "lastest_change": 0.9162642605482274
}