{
    "avg_price": 62894.93002257336,
    "max_price": 70178.0,
    "min_price": 51401.0,
    "lastest_change": 1.5261350435041197
}