{
    "avg_price": 59496.03865979381,
    "max_price": 70178.0,
    "min_price": 51056.0,
    "lastest_change": 1.1211344744592575
}