{
    "avg_price": 59425.604218362285,
    "max_price": 70178.0,
    "min_price": 51056.0,
    "lastest_change": 0.0851299574719938
}