{
    "avg_price": 69242.95833333333,
    "max_price": 70178.0,
    "min_price": 68284.0,
    "lastest_change": 0.2709382473911936
}