{
    "avg_price": 64706.10335195531,
    "max_price": 70178.0,
    "min_price": 51401.0,
    "lastest_change": -2.000655414807443
}