{
    "avg_price": 66818.84848484848,
    "max_price": 70178.0,
    "min_price": 60868.0,
    "lastest_change": -3.336088302100811
}