{
    "avg_price": 68725.40983606558,
    "max_price": 70178.0,
    "min_price": 67398.0,
    "lastest_change": 3.2374243664900915
}