{
    "avg_price": 59932.52276064611,
    "max_price": 70178.0,
    "min_price": 51056.0,
    "lastest_change": -0.3555665392378996
}