{
    "avg_price": 64793.51549295775,
    "max_price": 70178.0,
    "min_price": 51401.0,
    "lastest_change": -0.620656049723116
}