{
    "avg_price": 64207.74133333333,
    "max_price": 70178.0,
    "min_price": 51401.0,
    "lastest_change": 2.332091941752663
}