{
    "avg_price": 59474.47141041931,
    "max_price": 70178.0,
    "min_price": 51056.0,
    "lastest_change": -0.5203616576416911
}