{
    "avg_price": 67063.29181494661,
    "max_price": 70178.0,
    "min_price": 62747.0,
    "lastest_change": 0.5329139779214568
}