{
    "avg_price": 60681.92294520548,
    "max_price": 70178.0,
    "min_price": 51056.0,
    "lastest_change": 0.2515080190390937
}