{
    "avg_price": 61782.37721021611,
    "max_price": 70178.0,
    "min_price": 51401.0,
    "lastest_change": 1.4831723891712485
}