{
    "avg_price": 68486.05095541402,
    "max_price": 70178.0,
    "min_price": 66960.0,
    "lastest_change": 0.1476670181920832
}