{
    "avg_price": 59570.483399734396,
    "max_price": 70178.0,
    "min_price": 51056.0,
    "lastest_change": 0.3674128321167114
}