{
    "avg_price": 60203.9921875,
    "max_price": 70178.0,
    "min_price": 51056.0,
    "lastest_change": 0.6630213352873362
}