{
    "avg_price": 65084.159420289856,
    "max_price": 70178.0,
    "min_price": 51401.0,
    "lastest_change": 1.2779766930115857
}