{
    "avg_price": 62603.96753246753,
    "max_price": 70178.0,
    "min_price": 51401.0,
    "lastest_change": 1.7123136660004257
}