{
    "avg_price": 59653.1621253406,
    "max_price": 70178.0,
    "min_price": 51056.0,
    "lastest_change": 1.3883660062677274
}