{
    "avg_price": 60980.630161579895,
    "max_price": 70178.0,
    "min_price": 51056.0,
    "lastest_change": 1.7564957335086755
}