{
    "avg_price": 68051.21608040201,
    "max_price": 70178.0,
    "min_price": 65419.0,
    "lastest_change": -1.3729069401787557
}