{
    "avg_price": 60575.28403361345,
    "max_price": 70178.0,
    "min_price": 51056.0,
    "lastest_change": 0.8270904002086155
}