{
    "avg_price": 63729.482323232325,
    "max_price": 70178.0,
    "min_price": 51401.0,
    "lastest_change": 1.3182133939510252
}