{
    "avg_price": 63242.193396226416,
    "max_price": 70178.0,
    "min_price": 51401.0,
    "lastest_change": -1.229507883229653
}