{
    "avg_price": 62193.70431211499,
    "max_price": 70178.0,
    "min_price": 51401.0,
    "lastest_change": -2.7440965653709
}