{
    "avg_price": 67855.41981132075,
    "max_price": 70178.0,
    "min_price": 64175.0,
    "lastest_change": -1.0366495611707325
}