{
    "avg_price": 59557.62830687831,
    "max_price": 70178.0,
    "min_price": 51056.0,
    "lastest_change": -0.2592615068840287
}