{
    "avg_price": 59833.36091298146,
    "max_price": 70178.0,
    "min_price": 51056.0,
    "lastest_change": 0.2707940428984071
}