{
    "avg_price": 68228.22033898305,
    "max_price": 70178.0,
    "min_price": 65419.0,
    "lastest_change": -0.1700605979822355
}