{
    "avg_price": 68343.01785714286,
    "max_price": 70178.0,
    "min_price": 65419.0,
    "lastest_change": -1.200158192876246
}