{
    "avg_price": 67803.58715596331,
    "max_price": 70178.0,
    "min_price": 64175.0,
    "lastest_change": 2.0314651621420485
}