{
    "avg_price": 66913.8801369863,
    "max_price": 70178.0,
    "min_price": 62633.0,
    "lastest_change": -1.139470487996605
}