{
    "avg_price": 66489.2012987013,
    "max_price": 70178.0,
    "min_price": 55628.0,
    "lastest_change": -2.7531243070009515
}