{
    "avg_price": 68703.0223880597,
    "max_price": 70178.0,
    "min_price": 67398.0,
    "lastest_change": -2.045338806663989
}