{
    "avg_price": 68599.48611111111,
    "max_price": 70178.0,
    "min_price": 66960.0,
    "lastest_change": -1.1078188426234974
}