{
    "avg_price": 62231.73195876289,
    "max_price": 70178.0,
    "min_price": 51401.0,
    "lastest_change": -1.6688316489215094
}