{
    "avg_price": 68730.32558139534,
    "max_price": 70178.0,
    "min_price": 67398.0,
    "lastest_change": -2.643183506076647
}