{
    "avg_price": 67036.25441696114,
    "max_price": 70178.0,
    "min_price": 62747.0,
    "lastest_change": 0.4176809609142212
}