{
<<<<<<< Updated upstream
<<<<<<< Updated upstream
<<<<<<< Updated upstream
<<<<<<< Updated upstream
    "avg_price": 68529.2,
    "max_price": 68720.0,
    "min_price": 68339.0,
    "lastest_change": 1.3646311612061524
=======
    "avg_price": 68528.95,
    "max_price": 68720.0,
    "min_price": 68339.0,
    "lastest_change": 1.3570514657430512
>>>>>>> Stashed changes
=======
    "avg_price": 68527.55,
    "max_price": 68720.0,
    "min_price": 68339.0,
    "lastest_change": 1.432465260998104
>>>>>>> Stashed changes
=======
    "avg_price": 68527.3,
    "max_price": 68720.0,
    "min_price": 68339.0,
    "lastest_change": 1.425458136751331
>>>>>>> Stashed changes
=======
    "avg_price": 68527.2,
    "max_price": 68720.0,
    "min_price": 68339.0,
    "lastest_change": 1.516366243302772
>>>>>>> Stashed changes
}