{
    "avg_price": 69159.57142857143,
    "max_price": 69827.0,
    "min_price": 68284.0,
    "lastest_change": 0.2571496082495339
}