{
    "avg_price": 69032.85365853658,
    "max_price": 70178.0,
    "min_price": 67830.0,
    "lastest_change": -1.5470819715156756
}