{
    "avg_price": 67643.37344398341,
    "max_price": 70178.0,
    "min_price": 64175.0,
    "lastest_change": -2.150874030429604
}