{
    "avg_price": 59868.958152958156,
    "max_price": 70178.0,
    "min_price": 51056.0,
    "lastest_change": 3.539014900622937
}