{
    "avg_price": 68754.09615384616,
    "max_price": 70178.0,
    "min_price": 67665.0,
    "lastest_change": -0.0245459718839753
}