{
    "avg_price": 59574.734042553195,
    "max_price": 70178.0,
    "min_price": 51056.0,
    "lastest_change": 0.666112111503076
}