{
    "avg_price": 60148.78274268105,
    "max_price": 70178.0,
    "min_price": 51056.0,
    "lastest_change": 0.6374307215353876
}