{
    "avg_price": 61449.505681818184,
    "max_price": 70178.0,
    "min_price": 51401.0,
    "lastest_change": 1.2979408822184475
}