{
    "avg_price": 61483.54182509506,
    "max_price": 70178.0,
    "min_price": 51401.0,
    "lastest_change": -0.1601070435095761
}