{
    "avg_price": 60345.38969404187,
    "max_price": 70178.0,
    "min_price": 51056.0,
    "lastest_change": -2.0278352171562606
}