{
    "avg_price": 64158.2175066313,
    "max_price": 70178.0,
    "min_price": 51401.0,
    "lastest_change": 2.9604352681949835
}