{
    "avg_price": 59545.20816864295,
    "max_price": 70178.0,
    "min_price": 51056.0,
    "lastest_change": -0.2607886300803296
}