{
    "avg_price": 65317.103550295855,
    "max_price": 70178.0,
    "min_price": 51401.0,
    "lastest_change": 3.06777636594908
}