{
    "avg_price": 63920.47028423772,
    "max_price": 70178.0,
    "min_price": 51401.0,
    "lastest_change": 0.7769603140912155
}