{
    "avg_price": 67741.61946902655,
    "max_price": 70178.0,
    "min_price": 64175.0,
    "lastest_change": -0.8051996601143726
}