{
    "avg_price": 60062.858220211165,
    "max_price": 70178.0,
    "min_price": 51056.0,
    "lastest_change": -0.5337935628703955
}