{
    "avg_price": 65389.21726190476,
    "max_price": 70178.0,
    "min_price": 51401.0,
    "lastest_change": -1.8977814166038047
}