{
    "avg_price": 61060.60435571688,
    "max_price": 70178.0,
    "min_price": 51056.0,
    "lastest_change": 2.6788098922888115
}