{
    "avg_price": 68024.41293532339,
    "max_price": 70178.0,
    "min_price": 65311.0,
    "lastest_change": -2.123318981119829
}