{
    "avg_price": 67591.24796747968,
    "max_price": 70178.0,
    "min_price": 64175.0,
    "lastest_change": -1.197483681744849
}