{
    "avg_price": 59699.66206896552,
    "max_price": 70178.0,
    "min_price": 51056.0,
    "lastest_change": -0.0726198346478886
}