{
    "avg_price": 59761.28111888112,
    "max_price": 70178.0,
    "min_price": 51056.0,
    "lastest_change": -1.4099650041235785
}