{
    "avg_price": 68432.44444444444,
    "max_price": 68629.0,
    "min_price": 68339.0,
    "lastest_change": 1.8011467224982864
}