{
    "avg_price": 67144.38545454545,
    "max_price": 70178.0,
    "min_price": 62747.0,
    "lastest_change": 0.0020381195184827
}