{
    "avg_price": 59735.408901251736,
    "max_price": 70178.0,
    "min_price": 51056.0,
    "lastest_change": -1.4958010448773147
}