{
    "avg_price": 68716.38842975207,
    "max_price": 70178.0,
    "min_price": 67398.0,
    "lastest_change": 2.8475156411368734
}