{
    "avg_price": 59478.505732484075,
    "max_price": 70178.0,
    "min_price": 51056.0,
    "lastest_change": -1.3117715448745917
}