{
    "avg_price": 62533.029978586725,
    "max_price": 70178.0,
    "min_price": 51401.0,
    "lastest_change": -1.3689587289665268
}