{
    "avg_price": 61730.1484375,
    "max_price": 70178.0,
    "min_price": 51401.0,
    "lastest_change": 0.3586032259635934
}