{
    "avg_price": 68276.31213872832,
    "max_price": 70178.0,
    "min_price": 65419.0,
    "lastest_change": 0.8774763584971077
}