{
    "avg_price": 60374.294498381874,
    "max_price": 70178.0,
    "min_price": 51056.0,
    "lastest_change": -2.913721756254825
}