{
    "avg_price": 64037.84816753927,
    "max_price": 70178.0,
    "min_price": 51401.0,
    "lastest_change": 0.3492891013029982
}