{
    "avg_price": 63342.416267942586,
    "max_price": 70178.0,
    "min_price": 51401.0,
    "lastest_change": -0.8972412920332663
}