{
    "avg_price": 61571.99424184261,
    "max_price": 70178.0,
    "min_price": 51401.0,
    "lastest_change": -1.2148619246897472
}