{
    "avg_price": 62736.89183222958,
    "max_price": 70178.0,
    "min_price": 51401.0,
    "lastest_change": 0.697077994657011
}