{
    "avg_price": 68402.10365853658,
    "max_price": 70178.0,
    "min_price": 65419.0,
    "lastest_change": -2.6029986235359166
}