{
    "avg_price": 67329.54372623574,
    "max_price": 70178.0,
    "min_price": 62874.0,
    "lastest_change": 0.946845943864269
}