{
    "avg_price": 69241.93548387097,
    "max_price": 70178.0,
    "min_price": 68284.0,
    "lastest_change": -0.6136609807215896
}