{
    "avg_price": 69210.17647058824,
    "max_price": 70178.0,
    "min_price": 68284.0,
    "lastest_change": -1.9379748887700887
}