{
    "avg_price": 64933.95714285714,
    "max_price": 70178.0,
    "min_price": 51401.0,
    "lastest_change": 1.73853244383967
}