{
    "avg_price": 59561.82781456954,
    "max_price": 70178.0,
    "min_price": 51056.0,
    "lastest_change": -0.1566609453396948
}