{
    "avg_price": 60125.08116385911,
    "max_price": 70178.0,
    "min_price": 51056.0,
    "lastest_change": 0.1230694884659913
}