{
    "avg_price": 59940.00588235294,
    "max_price": 70178.0,
    "min_price": 51056.0,
    "lastest_change": -0.0721266410538539
}